session,symbol,selected,n,wins,wr,wr_lo,wr_hi,pf,exp,med,net,payoff,be,p,mdd,streak,tpd,n1,exp1,pf1,n2,exp2,pf2,stable,conf,days,t_day,p_day,exp_slip,pf_slip,q,verdict,exp_gross
Off-hours,INJ/USDT,False,3635,1164,0.3202,0.3052,0.3356,0.9977,-0.0002,-0.0468,-0.5578,2.118,0.3207,0.9575,11.9989,22,9.9512,1742,0.0027,1.0424,1893,-0.0028,0.9586,mixed,high,366,-0.0303,0.9758,-0.0062,0.9128,0.9758,hypothesis,0.0078
Off-hours,ARB/USDT,False,3915,1179,0.3011,0.287,0.3157,0.985,-0.0009,-0.0425,-3.6238,2.2858,0.3043,0.6768,30.349,31,10.7178,1883,0.0047,1.08,2032,-0.0062,0.9032,mixed,high,366,-0.2106,0.8332,-0.0069,0.8949,0.8379,hypothesis,0.0071
Off-hours,AVAX/USDT,False,3807,1288,0.3383,0.3235,0.3535,0.9783,-0.0011,-0.0344,-4.2286,1.9134,0.3432,0.5278,13.7573,17,10.4221,1751,-0.0033,0.9445,2056,0.0008,1.0179,mixed,high,366,-0.2556,0.7982,-0.0071,0.8713,0.8072,hypothesis,0.0069
Off-hours,AAVE/USDT,False,3714,1189,0.3201,0.3053,0.3353,0.9771,-0.0014,-0.0392,-5.0168,2.0749,0.3252,0.517,19.5633,22,10.1675,1636,0.0062,1.0967,2078,-0.0073,0.8661,mixed,high,366,-0.2662,0.7901,-0.0074,0.8832,0.8035,hypothesis,0.0066
London,ENA/USDT,False,6299,1958,0.3108,0.2995,0.3224,0.9378,-0.0043,-0.0481,-26.8148,2.0792,0.3248,0.0186,38.2463,28,17.2442,3193,-0.003,0.9527,3106,-0.0055,0.9244,neg,high,365,-1.4331,0.1518,-0.0103,0.8587,0.1608,hypothesis,0.0037
Off-hours,ETC/USDT,False,4063,1238,0.3047,0.2907,0.319,0.9349,-0.0029,-0.0318,-11.6825,2.1334,0.3191,0.049,22.7412,21,11.1229,1989,0.0038,1.0835,2074,-0.0093,0.783,mixed,high,366,-0.855,0.3925,-0.0089,0.8165,0.4015,hypothesis,0.0051
New York,ENA/USDT,False,5651,1641,0.2904,0.2787,0.3024,0.9345,-0.0052,-0.0573,-29.3132,2.2835,0.3045,0.0208,44.7584,30,15.4703,2873,-0.0035,0.9552,2778,-0.007,0.9139,neg,high,366,-1.6559,0.0977,-0.0112,0.8659,0.1054,hypothesis,0.0028
Off-hours,ENA/USDT,False,3771,1108,0.2938,0.2795,0.3086,0.9253,-0.0054,-0.0502,-20.4591,2.2239,0.3102,0.0304,35.5019,22,10.3236,1879,0.0004,1.0057,1892,-0.0112,0.8495,mixed,high,366,-1.0695,0.2848,-0.0114,0.8514,0.2946,hypothesis,0.0026
Off-hours,APT/USDT,False,3949,1169,0.296,0.282,0.3105,0.9244,-0.0046,-0.0429,-18.2943,2.1984,0.3127,0.0245,24.6781,23,10.8108,1935,0.0014,1.0213,2014,-0.0104,0.8231,mixed,high,366,-0.9563,0.3389,-0.0106,0.8378,0.3486,hypothesis,0.0034
New York,FET/USDT,False,5679,1735,0.3055,0.2937,0.3176,0.923,-0.0061,-0.0548,-34.7379,2.0982,0.3228,0.0054,45.5803,28,15.5469,2870,-0.0106,0.8853,2809,-0.0016,0.9765,neg,high,366,-1.9421,0.0521,-0.0121,0.8551,0.0572,hypothesis,0.0019
New York,ONDO/USDT,False,5615,1716,0.3056,0.2937,0.3178,0.9168,-0.0057,-0.0501,-32.2048,2.083,0.3244,0.0026,38.5581,23,15.3717,2871,-0.0077,0.8871,2744,-0.0036,0.9474,neg,high,366,-2.1972,0.028,-0.0117,0.8394,0.0317,reliable_neg,0.0023
New York,TAO/USDT,False,5837,1714,0.2936,0.2821,0.3055,0.9164,-0.0063,-0.0544,-36.9253,2.2044,0.3121,0.0024,52.6954,28,15.9795,2979,-0.0013,0.9849,2858,-0.0116,0.8216,neg,high,366,-2.3818,0.0172,-0.0123,0.8458,0.02,reliable_neg,0.0017
Off-hours,WLD/USDT,False,3528,1062,0.301,0.2861,0.3164,0.9156,-0.0067,-0.0506,-23.623,2.126,0.3199,0.0164,33.1533,27,9.6583,1679,-0.0038,0.9522,1849,-0.0094,0.8831,neg,high,365,-1.1422,0.2534,-0.0127,0.848,0.2636,hypothesis,0.0013
Off-hours,TIA/USDT,False,3829,1141,0.298,0.2837,0.3127,0.9118,-0.0059,-0.0489,-22.6123,2.148,0.3177,0.0088,35.496,20,10.4823,1856,-0.003,0.956,1973,-0.0086,0.8684,neg,high,366,-1.6177,0.1057,-0.0119,0.8327,0.1133,hypothesis,0.0021
Off-hours,RENDER/USDT,False,3713,1176,0.3167,0.302,0.3319,0.9113,-0.0059,-0.0428,-21.8498,1.966,0.3372,0.0083,25.3509,21,10.1648,1781,-0.0028,0.9636,1932,-0.0087,0.8454,neg,high,366,-2.0483,0.0405,-0.0119,0.8313,0.0453,reliable_neg,0.0021
New York,RENDER/USDT,False,5824,1795,0.3082,0.2965,0.3202,0.9094,-0.0066,-0.0494,-38.4525,2.0412,0.3288,0.0008,44.2724,22,15.9439,2924,-0.0058,0.9324,2900,-0.0074,0.8764,neg,high,366,-2.3218,0.0202,-0.0126,0.8364,0.0234,reliable_neg,0.0014
New York,ICP/USDT,False,5949,1806,0.3036,0.292,0.3154,0.9081,-0.0067,-0.0487,-39.575,2.0832,0.3243,0.0006,44.8017,27,16.2861,3071,-0.012,0.8568,2878,-0.0009,0.9849,neg,high,366,-2.6133,0.009,-0.0127,0.8347,0.0107,reliable_neg,0.0013
Asia,ICP/USDT,False,8183,2525,0.3086,0.2987,0.3187,0.9072,-0.0059,-0.0428,-48.1956,2.0328,0.3297,0.0,59.2335,21,22.4019,3980,-0.0047,0.9338,4203,-0.007,0.8756,neg,high,365,-2.8256,0.0047,-0.0119,0.8241,0.0058,reliable_neg,0.0021
Off-hours,FET/USDT,False,2971,862,0.2901,0.2741,0.3067,0.9056,-0.0061,-0.0458,-18.1368,2.2156,0.311,0.014,22.0493,22,8.1335,1420,-0.0082,0.8868,1551,-0.0042,0.9273,neg,high,365,-1.6876,0.0915,-0.0121,0.8244,0.0992,hypothesis,0.0019
Asia,ENA/USDT,False,7944,2368,0.2981,0.2881,0.3082,0.9053,-0.0065,-0.049,-51.8741,2.1319,0.3193,0.0,56.6168,28,21.7476,3927,-0.007,0.8935,4017,-0.006,0.916,neg,high,365,-2.4592,0.0139,-0.0125,0.8288,0.0163,reliable_neg,0.0015
Off-hours,DOGE/USDT,False,3684,1204,0.3268,0.3119,0.3421,0.9052,-0.0047,-0.0326,-17.378,1.8646,0.3491,0.0046,22.0227,23,10.0854,1722,-0.0007,0.9875,1962,-0.0082,0.8127,neg,high,366,-1.334,0.1822,-0.0107,0.8009,0.1918,hypothesis,0.0033
Asia,INJ/USDT,False,8261,2493,0.3018,0.292,0.3118,0.9041,-0.0061,-0.0475,-50.438,2.0918,0.3234,0.0,51.3981,32,22.6155,3999,-0.0047,0.9207,4262,-0.0074,0.8905,neg,high,365,-2.2807,0.0226,-0.0121,0.8216,0.0259,reliable_neg,0.0019
London,HBAR/USDT,False,6455,2194,0.3399,0.3284,0.3515,0.904,-0.0043,-0.0305,-27.6702,1.7557,0.3629,0.0001,35.4448,18,17.6713,3232,-0.0049,0.9005,3223,-0.0037,0.9084,neg,high,365,-2.841,0.0045,-0.0103,0.7885,0.0056,reliable_neg,0.0037
London-NY Overlap,INJ/USDT,False,6242,2019,0.3235,0.312,0.3352,0.9026,-0.0065,-0.0494,-40.8202,1.8878,0.3463,0.0001,52.3364,30,17.0882,3187,-0.0029,0.9524,3055,-0.0103,0.8596,neg,high,366,-2.7278,0.0064,-0.0125,0.8238,0.0077,reliable_neg,0.0015
New York,OP/USDT,False,5826,1766,0.3031,0.2915,0.3151,0.9004,-0.0067,-0.0483,-39.1407,2.07,0.3257,0.0002,44.3268,24,15.9494,2902,-0.0006,0.991,2924,-0.0128,0.8041,neg,high,366,-2.8411,0.0045,-0.0127,0.8225,0.0056,reliable_neg,0.0013
New York,SUI/USDT,False,5611,1712,0.3051,0.2932,0.3173,0.8998,-0.0066,-0.0474,-37.0712,2.0493,0.3279,0.0003,45.1059,23,15.3608,2827,-0.0071,0.9023,2784,-0.0061,0.8967,neg,high,366,-2.8642,0.0042,-0.0126,0.8202,0.0053,reliable_neg,0.0014
New York,TIA/USDT,False,5856,1785,0.3048,0.2932,0.3167,0.8979,-0.0076,-0.0538,-44.729,2.0479,0.3281,0.0001,52.494,23,16.0315,3033,-0.0094,0.8805,2823,-0.0058,0.9185,neg,high,366,-3.041,0.0024,-0.0136,0.8274,0.0031,reliable_neg,0.0004
Asia,AAVE/USDT,False,7447,2372,0.3185,0.308,0.3292,0.8965,-0.0057,-0.0394,-42.6479,1.9181,0.3427,0.0,45.4639,24,20.387,3421,-0.0061,0.894,4026,-0.0054,0.8988,neg,high,365,-2.1929,0.0283,-0.0117,0.8027,0.0319,reliable_neg,0.0023
London-NY Overlap,TIA/USDT,False,6164,2045,0.3318,0.3201,0.3436,0.8961,-0.0069,-0.0484,-42.4324,1.805,0.3565,0.0,48.3289,24,16.8747,3160,-0.0048,0.9247,3004,-0.0091,0.8685,neg,high,366,-2.9611,0.0031,-0.0129,0.8167,0.0039,reliable_neg,0.0011
New York,ARB/USDT,False,5726,1742,0.3042,0.2924,0.3163,0.8949,-0.0073,-0.0485,-41.8786,2.0467,0.3282,0.0001,46.8363,31,15.6756,2907,-0.0052,0.9253,2819,-0.0095,0.8634,neg,high,366,-2.7307,0.0063,-0.0133,0.8196,0.0077,reliable_neg,0.0007
Asia,TIA/USDT,False,7004,2163,0.3088,0.2981,0.3197,0.8939,-0.0064,-0.0448,-44.828,2.0006,0.3333,0.0,45.014,25,19.1743,3432,-0.0069,0.8843,3572,-0.006,0.9029,neg,high,365,-3.538,0.0004,-0.0124,0.8077,0.0006,reliable_neg,0.0016
Off-hours,SEI/USDT,False,3707,1184,0.3194,0.3046,0.3346,0.8939,-0.006,-0.0371,-22.2563,1.9048,0.3443,0.0014,28.6536,21,10.1483,1746,-0.0105,0.8368,1961,-0.002,0.9601,neg,high,366,-1.285,0.1988,-0.012,0.8021,0.208,hypothesis,0.002
Asia,DOT/USDT,False,7052,2238,0.3174,0.3066,0.3283,0.8924,-0.0053,-0.0362,-37.5143,1.9196,0.3425,0.0,41.3977,31,19.3057,3463,-0.005,0.9042,3589,-0.0056,0.8795,neg,high,365,-3.5671,0.0004,-0.0113,0.7885,0.0005,reliable_neg,0.0027
London,TIA/USDT,False,6471,2088,0.3227,0.3114,0.3342,0.8919,-0.007,-0.0455,-45.0586,1.8722,0.3482,0.0,49.38,26,17.7151,3306,-0.0095,0.8486,3165,-0.0043,0.9352,neg,high,365,-3.4913,0.0005,-0.013,0.8107,0.0007,reliable_neg,0.001
London-NY Overlap,ENA/USDT,False,6012,1874,0.3117,0.3001,0.3235,0.8911,-0.0081,-0.0548,-48.4381,1.9676,0.337,0.0,55.7395,21,16.4586,3113,-0.0064,0.9073,2899,-0.0098,0.8758,neg,high,366,-3.0581,0.0022,-0.0141,0.82,0.0029,reliable_neg,-0.0001
Off-hours,OP/USDT,False,3709,1174,0.3165,0.3018,0.3317,0.8861,-0.0075,-0.0414,-27.9514,1.9133,0.3433,0.0006,28.1576,23,10.1538,1685,-0.0085,0.8847,2024,-0.0067,0.8875,neg,high,366,-1.5391,0.1238,-0.0135,0.8073,0.1318,hypothesis,0.0005
Asia,AVAX/USDT,False,7734,2457,0.3177,0.3074,0.3282,0.8827,-0.0056,-0.0339,-43.6058,1.8957,0.3453,0.0,48.877,19,21.1727,3617,-0.0085,0.8363,4117,-0.0032,0.9295,neg,high,365,-2.5424,0.011,-0.0116,0.7768,0.013,reliable_neg,0.0024
Asia,WLD/USDT,False,7240,2174,0.3003,0.2898,0.3109,0.8824,-0.0086,-0.0497,-62.5002,2.0562,0.3272,0.0,64.1994,24,19.8203,3354,-0.0069,0.892,3886,-0.0101,0.8758,neg,high,365,-2.7213,0.0065,-0.0146,0.8114,0.0078,reliable_neg,-0.0006
New York,INJ/USDT,False,6010,1834,0.3052,0.2936,0.3169,0.8821,-0.0087,-0.0542,-52.4119,2.0086,0.3324,0.0,55.0137,25,16.4531,3044,-0.0062,0.9135,2966,-0.0113,0.8515,neg,high,366,-3.3924,0.0007,-0.0147,0.8116,0.001,reliable_neg,-0.0007
London,WLD/USDT,False,6274,1966,0.3134,0.302,0.3249,0.8812,-0.0084,-0.0489,-52.6797,1.931,0.3412,0.0,56.3403,26,17.1758,3181,-0.0118,0.8117,3093,-0.0049,0.9378,neg,high,365,-3.668,0.0002,-0.0144,0.8076,0.0004,reliable_neg,-0.0004
London-NY Overlap,WLD/USDT,False,6064,1913,0.3155,0.3039,0.3273,0.8784,-0.0089,-0.0525,-54.0744,1.9061,0.3441,0.0,58.2698,34,16.6009,3059,-0.0085,0.8666,3005,-0.0093,0.8878,neg,high,366,-3.3778,0.0007,-0.0149,0.8074,0.001,reliable_neg,-0.0009
London,UNI/USDT,False,6716,2146,0.3195,0.3085,0.3308,0.8782,-0.0072,-0.0416,-48.5761,1.8702,0.3484,0.0,52.9513,26,18.3858,3443,-0.0087,0.8491,3273,-0.0057,0.9072,neg,high,365,-3.4881,0.0005,-0.0132,0.7915,0.0007,reliable_neg,0.0008
London,ADA/USDT,False,6361,2059,0.3237,0.3123,0.3353,0.8746,-0.0063,-0.0354,-40.093,1.8274,0.3537,0.0,41.0686,29,17.414,3248,-0.005,0.9025,3113,-0.0077,0.8446,neg,high,365,-3.6065,0.0003,-0.0123,0.7735,0.0005,reliable_neg,0.0017
London,ICP/USDT,False,6673,2081,0.3119,0.3008,0.3231,0.8737,-0.008,-0.0433,-53.3611,1.9279,0.3415,0.0,55.151,23,18.2681,3370,-0.0055,0.9197,3303,-0.0106,0.8189,neg,high,365,-3.5667,0.0004,-0.014,0.7924,0.0005,reliable_neg,0.0
Off-hours,DOT/USDT,False,3581,1118,0.3122,0.2972,0.3276,0.8724,-0.007,-0.0376,-24.9026,1.9219,0.3422,0.0001,25.5469,17,9.8034,1772,-0.009,0.8486,1809,-0.0049,0.9005,neg,high,366,-2.8982,0.0038,-0.013,0.779,0.0048,reliable_neg,0.001
Off-hours,TAO/USDT,False,4052,1201,0.2964,0.2825,0.3106,0.872,-0.0092,-0.049,-37.3272,2.07,0.3257,0.0001,45.7465,27,11.0928,2001,-0.011,0.8721,2051,-0.0074,0.8719,neg,high,366,-2.2784,0.0227,-0.0152,0.8004,0.0259,reliable_neg,-0.0012
Asia,FIL/USDT,False,7776,2357,0.3031,0.293,0.3134,0.8715,-0.0079,-0.0412,-61.0826,2.0038,0.3329,0.0,70.11,25,21.2877,3809,-0.0087,0.8709,3967,-0.0071,0.8723,neg,high,365,-4.0192,0.0001,-0.0139,0.7879,0.0001,reliable_neg,0.0001
London-NY Overlap,ICP/USDT,False,6388,2047,0.3204,0.3091,0.332,0.871,-0.0084,-0.0466,-53.4513,1.847,0.3512,0.0,54.8142,30,17.4879,3137,-0.0094,0.869,3251,-0.0074,0.8734,neg,high,366,-4.3921,0.0,-0.0144,0.7916,0.0,reliable_neg,-0.0004
New York,DOGE/USDT,False,5356,1671,0.312,0.2997,0.3245,0.8699,-0.0072,-0.039,-38.7149,1.9183,0.3427,0.0,41.038,27,14.6627,2740,-0.007,0.8889,2616,-0.0074,0.8434,neg,high,366,-3.4448,0.0006,-0.0132,0.7783,0.0008,reliable_neg,0.0008
Off-hours,ADA/USDT,False,3741,1160,0.3101,0.2955,0.3251,0.8695,-0.0074,-0.0375,-27.5221,1.9347,0.3407,0.0001,33.3596,18,10.2414,1753,-0.0103,0.8355,1988,-0.0047,0.9067,neg,high,366,-1.7809,0.0749,-0.0134,0.7793,0.0817,hypothesis,0.0006
Off-hours,SUI/USDT,False,3418,1085,0.3174,0.302,0.3332,0.8684,-0.0076,-0.0387,-25.8498,1.8672,0.3488,0.0001,28.4062,17,9.3572,1685,-0.0087,0.8631,1733,-0.0064,0.8748,neg,high,366,-3.1035,0.0019,-0.0136,0.7796,0.0025,reliable_neg,0.0004
Asia,ATOM/USDT,False,7554,2479,0.3282,0.3177,0.3388,0.8682,-0.0058,-0.032,-44.0125,1.7775,0.36,0.0,44.8112,24,20.68,3762,-0.0042,0.9085,3792,-0.0074,0.8243,neg,high,365,-4.6949,0.0,-0.0118,0.7549,0.0,reliable_neg,0.0022
London,APT/USDT,False,6278,1950,0.3106,0.2993,0.3222,0.8677,-0.0076,-0.042,-47.7535,1.9259,0.3418,0.0,53.2711,36,17.1868,3222,-0.0105,0.8246,3056,-0.0046,0.917,neg,high,365,-3.8704,0.0001,-0.0136,0.7793,0.0002,reliable_neg,0.0004
New York,ETC/USDT,False,6048,1904,0.3148,0.3032,0.3266,0.867,-0.0069,-0.0369,-41.7024,1.887,0.3464,0.0,45.5926,22,16.5571,3091,-0.0054,0.9019,2957,-0.0085,0.8258,neg,high,366,-4.0644,0.0,-0.0129,0.7696,0.0001,reliable_neg,0.0011
Asia,ARB/USDT,False,7723,2299,0.2977,0.2876,0.308,0.866,-0.0082,-0.0425,-63.2608,2.0432,0.3286,0.0,66.2354,28,21.1426,3659,-0.0074,0.8723,4064,-0.0089,0.8609,neg,high,365,-4.0282,0.0001,-0.0142,0.7829,0.0001,reliable_neg,-0.0002
Off-hours,SHIB/USDT,False,3662,1092,0.2982,0.2836,0.3132,0.8643,-0.0073,-0.0381,-26.7907,2.034,0.3296,0.0,30.0339,18,10.0252,1811,-0.0078,0.8689,1851,-0.0069,0.8588,neg,high,366,-3.0282,0.0025,-0.0133,0.7708,0.0032,reliable_neg,0.0007
London,SUI/USDT,False,6435,2077,0.3228,0.3115,0.3343,0.8629,-0.0076,-0.0376,-48.7479,1.8106,0.3558,0.0,51.1432,25,17.6166,3278,-0.005,0.9113,3157,-0.0102,0.8105,neg,high,365,-3.7606,0.0002,-0.0136,0.7712,0.0003,reliable_neg,0.0004
Off-hours,XRP/USDT,False,3667,1162,0.3169,0.302,0.3321,0.8628,-0.0065,-0.0304,-23.9715,1.8601,0.3496,0.0,29.3742,19,10.0388,1755,-0.0052,0.9054,1912,-0.0077,0.8097,neg,high,366,-2.4603,0.0139,-0.0125,0.7578,0.0163,reliable_neg,0.0015
Asia,RENDER/USDT,False,8037,2474,0.3078,0.2978,0.318,0.8619,-0.0085,-0.0437,-68.4301,1.938,0.3404,0.0,68.92,21,22.0022,3926,-0.0106,0.8471,4111,-0.0065,0.88,neg,high,365,-5.2531,0.0,-0.0145,0.7794,0.0,reliable_neg,-0.0005
Off-hours,LTC/USDT,False,3868,1208,0.3123,0.2979,0.3271,0.8609,-0.0062,-0.0305,-24.0781,1.8956,0.3453,0.0,27.1649,21,10.5891,1843,-0.0079,0.849,2025,-0.0047,0.8757,neg,high,366,-2.7577,0.0058,-0.0122,0.7499,0.0071,reliable_neg,0.0018
Asia,LINK/USDT,False,7858,2446,0.3113,0.3011,0.3216,0.8603,-0.0066,-0.0349,-52.0467,1.9035,0.3444,0.0,53.5374,32,21.5122,3750,-0.0047,0.9098,4108,-0.0083,0.8044,neg,high,365,-3.2067,0.0013,-0.0126,0.7551,0.0018,reliable_neg,0.0014
Off-hours,ONDO/USDT,False,3576,1101,0.3079,0.293,0.3232,0.8588,-0.0096,-0.0431,-34.4866,1.9305,0.3412,0.0,37.3787,21,9.7897,1627,-0.0076,0.8924,1949,-0.0114,0.8291,neg,high,365,-2.869,0.0041,-0.0156,0.784,0.0052,reliable_neg,-0.0016
Asia,OP/USDT,False,7662,2343,0.3058,0.2956,0.3162,0.8582,-0.0084,-0.0417,-64.3666,1.9482,0.3392,0.0,65.0456,29,20.9756,3609,-0.0092,0.8473,4053,-0.0077,0.8681,neg,high,365,-3.8547,0.0001,-0.0144,0.7729,0.0002,reliable_neg,-0.0004
London-NY Overlap,ARB/USDT,False,6015,1900,0.3159,0.3042,0.3277,0.8579,-0.0091,-0.0468,-54.7122,1.8581,0.3499,0.0,60.5851,26,16.4668,3117,-0.0038,0.9358,2898,-0.0148,0.7877,neg,high,366,-4.0955,0.0,-0.0151,0.7784,0.0001,reliable_neg,-0.0011
London,FET/USDT,False,6291,1932,0.3071,0.2958,0.3186,0.8572,-0.0101,-0.0483,-63.7268,1.9339,0.3408,0.0,69.3101,29,17.2223,3137,-0.0105,0.8642,3154,-0.0097,0.8487,neg,high,365,-3.9645,0.0001,-0.0161,0.7851,0.0001,reliable_neg,-0.0021
Asia,SUI/USDT,False,6988,2179,0.3118,0.3011,0.3228,0.8568,-0.0078,-0.04,-54.529,1.8909,0.3459,0.0,55.8076,22,19.1305,3468,-0.0065,0.8858,3520,-0.0091,0.8255,neg,high,365,-4.7954,0.0,-0.0138,0.7645,0.0,reliable_neg,0.0002
Asia,ADA/USDT,False,7933,2492,0.3141,0.304,0.3244,0.8564,-0.0074,-0.0369,-58.4564,1.8699,0.3484,0.0,59.1195,33,21.7175,3919,-0.0088,0.8349,4014,-0.0059,0.8793,neg,high,365,-4.8921,0.0,-0.0134,0.7589,0.0,reliable_neg,0.0006
London-NY Overlap,ADA/USDT,False,6178,2008,0.325,0.3135,0.3368,0.8556,-0.0077,-0.0394,-47.4937,1.7769,0.3601,0.0,49.3155,24,16.913,3082,-0.0089,0.8396,3096,-0.0065,0.8729,neg,high,366,-4.1103,0.0,-0.0137,0.7611,0.0001,reliable_neg,0.0003
Asia,FET/USDT,False,7666,2244,0.2927,0.2826,0.303,0.8553,-0.0097,-0.0486,-74.6542,2.0666,0.3261,0.0,74.6542,24,20.9866,3626,-0.01,0.8645,4040,-0.0095,0.8455,neg,high,365,-4.9032,0.0,-0.0157,0.78,0.0,reliable_neg,-0.0017
New York,AAVE/USDT,False,5641,1713,0.3037,0.2918,0.3158,0.8551,-0.0097,-0.0484,-54.8089,1.9608,0.3377,0.0,60.1187,31,15.4429,2897,-0.011,0.8473,2744,-0.0084,0.8647,neg,high,366,-3.9834,0.0001,-0.0157,0.7794,0.0001,reliable_neg,-0.0017
New York,SEI/USDT,False,5655,1678,0.2967,0.285,0.3088,0.8539,-0.0088,-0.044,-49.6835,2.0237,0.3307,0.0,52.8946,25,15.4812,2832,-0.0086,0.8669,2823,-0.0089,0.8385,neg,high,366,-4.1545,0.0,-0.0148,0.7702,0.0001,reliable_neg,-0.0008
New York,FIL/USDT,False,5733,1729,0.3016,0.2898,0.3136,0.8531,-0.0105,-0.0478,-60.421,1.9757,0.3361,0.0,64.2103,27,15.6948,2974,-0.0114,0.8545,2759,-0.0097,0.8514,neg,high,366,-4.3294,0.0,-0.0165,0.7823,0.0,reliable_neg,-0.0025
London,AVAX/USDT,False,6551,2125,0.3244,0.3131,0.3358,0.8516,-0.007,-0.0329,-45.6427,1.7737,0.3605,0.0,48.3836,22,17.9341,3226,-0.0079,0.8369,3325,-0.006,0.8669,neg,high,365,-4.5003,0.0,-0.013,0.7457,0.0,reliable_neg,0.001
London,NEAR/USDT,False,6613,2005,0.3032,0.2922,0.3144,0.8513,-0.0099,-0.0457,-65.223,1.9566,0.3382,0.0,70.6749,26,18.1039,3345,-0.0095,0.8464,3268,-0.0102,0.8558,neg,high,365,-4.4134,0.0,-0.0159,0.7751,0.0,reliable_neg,-0.0019
London,BCH/USDT,False,6576,2144,0.326,0.3148,0.3375,0.8506,-0.0067,-0.0304,-44.2904,1.7583,0.3625,0.0,46.2836,21,18.0026,3334,-0.0059,0.8732,3242,-0.0076,0.8257,neg,high,365,-4.6056,0.0,-0.0127,0.7408,0.0,reliable_neg,0.0013
New York,HBAR/USDT,False,5741,1790,0.3118,0.2999,0.3239,0.8502,-0.0083,-0.0371,-47.4225,1.8767,0.3476,0.0,52.1827,28,15.7167,2900,-0.0084,0.8669,2841,-0.0081,0.8274,neg,high,366,-4.556,0.0,-0.0143,0.7594,0.0,reliable_neg,-0.0003
Asia,HBAR/USDT,False,7913,2525,0.3191,0.3089,0.3295,0.8497,-0.007,-0.0326,-55.4449,1.8132,0.3555,0.0,59.2505,19,21.6628,3900,-0.0076,0.8524,4013,-0.0064,0.8464,neg,high,365,-4.656,0.0,-0.013,0.7435,0.0,reliable_neg,0.001
London,INJ/USDT,False,6501,1981,0.3047,0.2937,0.316,0.8496,-0.0097,-0.0467,-63.3802,1.9385,0.3403,0.0,65.5235,23,17.7972,3350,-0.0126,0.7914,3151,-0.0067,0.9036,neg,high,365,-4.4877,0.0,-0.0157,0.7717,0.0,reliable_neg,-0.0017
New York,DOT/USDT,False,5812,1703,0.293,0.2815,0.3048,0.8485,-0.0094,-0.0438,-54.7415,2.0472,0.3282,0.0,59.2645,24,15.911,2959,-0.0089,0.8703,2853,-0.01,0.8207,neg,high,366,-4.735,0.0,-0.0154,0.7678,0.0,reliable_neg,-0.0014
Asia,ONDO/USDT,False,7910,2430,0.3072,0.2971,0.3175,0.848,-0.0093,-0.0428,-73.8478,1.9124,0.3434,0.0,74.308,34,21.6545,3841,-0.0112,0.8083,4069,-0.0075,0.8823,neg,high,365,-5.3317,0.0,-0.0153,0.7662,0.0,reliable_neg,-0.0013
London-NY Overlap,APT/USDT,False,6138,1956,0.3187,0.3071,0.3304,0.8478,-0.0094,-0.0474,-57.4753,1.8127,0.3555,0.0,62.9939,24,16.8035,3176,-0.0059,0.9044,2962,-0.0131,0.7878,neg,high,366,-4.7184,0.0,-0.0154,0.7659,0.0,reliable_neg,-0.0014
Asia,UNI/USDT,False,8316,2585,0.3108,0.301,0.3209,0.8477,-0.0094,-0.0436,-78.3022,1.8795,0.3473,0.0,80.2418,25,22.766,4102,-0.0119,0.8121,4214,-0.007,0.884,neg,high,365,-4.2542,0.0,-0.0154,0.7663,0.0,reliable_neg,-0.0014
London-NY Overlap,SOL/USDT,False,6596,2225,0.3373,0.326,0.3488,0.8471,-0.0072,-0.0347,-47.5106,1.6642,0.3753,0.0,47.9089,23,18.0573,3262,-0.0068,0.8706,3334,-0.0076,0.8185,neg,high,366,-5.0013,0.0,-0.0132,0.7416,0.0,reliable_neg,0.0008
London,RENDER/USDT,False,6508,2019,0.3102,0.2991,0.3216,0.8469,-0.0096,-0.0435,-62.6499,1.883,0.3469,0.0,65.0799,24,17.8164,3309,-0.0073,0.8948,3199,-0.0121,0.7867,neg,high,365,-4.3796,0.0,-0.0156,0.7668,0.0,reliable_neg,-0.0016
Off-hours,LINK/USDT,False,3732,1107,0.2966,0.2822,0.3115,0.8467,-0.0079,-0.0361,-29.4774,2.0077,0.3325,0.0,30.8041,23,10.2168,1739,-0.0057,0.9024,1993,-0.0098,0.7834,neg,high,365,-1.9538,0.0507,-0.0139,0.7506,0.056,hypothesis,0.0001
London-NY Overlap,NEAR/USDT,False,6093,1956,0.321,0.3094,0.3329,0.8456,-0.0108,-0.0502,-66.0569,1.7884,0.3586,0.0,67.2398,18,16.6803,3100,-0.0091,0.86,2993,-0.0126,0.8327,neg,high,366,-4.6518,0.0,-0.0168,0.7733,0.0,reliable_neg,-0.0028
London-NY Overlap,XRP/USDT,False,6484,2190,0.3378,0.3263,0.3494,0.8445,-0.0069,-0.0323,-44.8073,1.6558,0.3765,0.0,46.3042,21,17.7507,3221,-0.0067,0.861,3263,-0.0072,0.8253,neg,high,366,-5.1912,0.0,-0.0129,0.7333,0.0,reliable_neg,0.0011
Off-hours,ICP/USDT,False,4078,1246,0.3055,0.2916,0.3199,0.8444,-0.0109,-0.0452,-44.392,1.9193,0.3426,0.0,53.0659,28,11.164,2028,-0.0159,0.8058,2050,-0.0059,0.8985,neg,high,366,-3.3811,0.0007,-0.0169,0.7722,0.001,reliable_neg,-0.0029
Asia,XRP/USDT,False,7750,2471,0.3188,0.3086,0.3293,0.8437,-0.0067,-0.0304,-52.0954,1.8024,0.3568,0.0,52.5391,21,21.2165,3843,-0.0047,0.8974,3907,-0.0087,0.7822,neg,high,365,-3.8233,0.0001,-0.0127,0.7298,0.0002,reliable_neg,0.0013
London-NY Overlap,ONDO/USDT,False,6155,1998,0.3246,0.313,0.3364,0.8434,-0.01,-0.0455,-61.8406,1.7547,0.363,0.0,68.0036,22,16.85,3162,-0.0089,0.8491,2993,-0.0112,0.8383,neg,high,366,-4.449,0.0,-0.016,0.7647,0.0,reliable_neg,-0.002
London-NY Overlap,AAVE/USDT,False,6392,2074,0.3245,0.3131,0.336,0.8429,-0.0092,-0.0446,-59.0565,1.7549,0.363,0.0,61.8426,18,17.4988,3200,-0.0107,0.8217,3192,-0.0078,0.8652,neg,high,366,-4.9907,0.0,-0.0152,0.7576,0.0,reliable_neg,-0.0012
London,AAVE/USDT,False,6591,2107,0.3197,0.3085,0.331,0.8415,-0.0087,-0.0393,-57.358,1.7908,0.3583,0.0,59.4885,30,18.0436,3314,-0.0123,0.7798,3277,-0.005,0.9065,neg,high,365,-5.2287,0.0,-0.0147,0.7507,0.0,reliable_neg,-0.0007
London-NY Overlap,SEI/USDT,False,6025,1976,0.328,0.3162,0.3399,0.8413,-0.0088,-0.0402,-53.2829,1.7239,0.3671,0.0,54.261,27,16.4941,3011,-0.0075,0.8679,3014,-0.0102,0.8139,neg,high,366,-4.7701,0.0,-0.0148,0.7516,0.0,reliable_neg,-0.0008
London-NY Overlap,TAO/USDT,False,6257,1944,0.3107,0.2993,0.3223,0.8409,-0.0111,-0.0532,-69.5361,1.8657,0.349,0.0,71.4533,23,17.1293,3016,-0.0083,0.8941,3241,-0.0137,0.7779,neg,high,366,-5.1233,0.0,-0.0171,0.7687,0.0,reliable_neg,-0.0031
New York,UNI/USDT,False,5693,1701,0.2988,0.287,0.3108,0.8408,-0.0112,-0.0494,-64.0394,1.9732,0.3363,0.0,67.305,19,15.5853,2893,-0.0118,0.8389,2800,-0.0107,0.8429,neg,high,366,-4.6313,0.0,-0.0172,0.7696,0.0,reliable_neg,-0.0032
London-NY Overlap,HBAR/USDT,False,6085,2055,0.3377,0.3259,0.3497,0.8405,-0.0079,-0.0349,-48.3418,1.6482,0.3776,0.0,50.6788,25,16.6584,3061,-0.01,0.821,3024,-0.0059,0.8657,neg,high,366,-4.9167,0.0,-0.0139,0.7407,0.0,reliable_neg,0.0001
London-NY Overlap,FET/USDT,False,5966,1816,0.3044,0.2928,0.3162,0.8403,-0.0117,-0.0528,-69.5466,1.9204,0.3424,0.0,74.573,22,16.3326,2968,-0.0133,0.8346,2998,-0.01,0.8474,neg,high,366,-4.5991,0.0,-0.0177,0.7713,0.0,reliable_neg,-0.0037
Off-hours,NEAR/USDT,False,3953,1171,0.2962,0.2822,0.3107,0.84,-0.0114,-0.0468,-45.1765,1.9957,0.3338,0.0,52.563,25,10.8218,1964,-0.0026,0.9593,1989,-0.0201,0.7446,neg,high,366,-3.4822,0.0005,-0.0174,0.7696,0.0007,reliable_neg,-0.0034
New York,ADA/USDT,False,5430,1598,0.2943,0.2823,0.3066,0.8395,-0.0099,-0.046,-53.5053,2.0131,0.3319,0.0,58.3962,25,14.8653,2766,-0.0113,0.8313,2664,-0.0083,0.8498,neg,high,366,-4.6883,0.0,-0.0159,0.7584,0.0,reliable_neg,-0.0019
London-NY Overlap,ATOM/USDT,False,6177,2020,0.327,0.3154,0.3388,0.8379,-0.008,-0.0374,-49.2897,1.7244,0.367,0.0,52.1047,24,16.9103,3198,-0.0066,0.8689,2979,-0.0095,0.8034,neg,high,366,-5.582,0.0,-0.014,0.7376,0.0,reliable_neg,0.0
New York,PEPE/USDT,False,4923,1364,0.2771,0.2647,0.2897,0.8359,-0.0132,-0.0625,-64.8414,2.1811,0.3144,0.0,69.4815,28,13.4773,2703,-0.0099,0.8803,2220,-0.0171,0.778,neg,high,366,-4.1398,0.0,-0.0192,0.7734,0.0001,reliable_neg,-0.0052
London-NY Overlap,UNI/USDT,False,6248,1999,0.3199,0.3085,0.3316,0.834,-0.0107,-0.0476,-67.1581,1.7727,0.3607,0.0,68.6432,23,17.1046,3192,-0.0097,0.8457,3056,-0.0119,0.8226,neg,high,366,-4.0639,0.0,-0.0167,0.7567,0.0001,reliable_neg,-0.0027
London-NY Overlap,OP/USDT,False,6195,1978,0.3193,0.3078,0.331,0.8336,-0.0105,-0.0468,-64.7829,1.7772,0.3601,0.0,65.2432,21,16.9595,3097,-0.0098,0.8474,3098,-0.0111,0.8191,neg,high,366,-5.4329,0.0,-0.0165,0.7541,0.0,reliable_neg,-0.0025
London,DOT/USDT,False,6288,2016,0.3206,0.3092,0.3323,0.8332,-0.0087,-0.0365,-54.8508,1.7656,0.3616,0.0,56.4634,28,17.2141,3287,-0.0098,0.8197,3001,-0.0076,0.8492,neg,high,365,-5.0173,0.0,-0.0147,0.7388,0.0,reliable_neg,-0.0007
Asia,APT/USDT,False,8077,2411,0.2985,0.2886,0.3086,0.8324,-0.0098,-0.0433,-79.1855,1.9562,0.3383,0.0,79.8577,31,22.1117,4073,-0.0107,0.8217,4004,-0.0089,0.8438,neg,high,365,-5.9343,0.0,-0.0158,0.748,0.0,reliable_neg,-0.0018
New York,LINK/USDT,False,5569,1667,0.2993,0.2874,0.3115,0.8314,-0.0098,-0.0427,-54.6814,1.946,0.3394,0.0,58.8077,28,15.2458,2809,-0.014,0.794,2760,-0.0056,0.8846,neg,high,366,-4.5792,0.0,-0.0158,0.7466,0.0,reliable_neg,-0.0018
Asia,BCH/USDT,False,8359,2702,0.3232,0.3133,0.3334,0.8309,-0.0077,-0.0315,-64.3839,1.7396,0.365,0.0,65.9424,28,22.8837,4214,-0.0064,0.8638,4145,-0.009,0.7946,neg,high,365,-5.8339,0.0,-0.0137,0.7238,0.0,reliable_neg,0.0003
London-NY Overlap,SUI/USDT,False,6462,2048,0.3169,0.3057,0.3284,0.8305,-0.0102,-0.0429,-66.2345,1.7899,0.3584,0.0,70.4778,24,17.6905,3256,-0.0091,0.8555,3206,-0.0115,0.8031,neg,high,366,-5.2735,0.0,-0.0162,0.7483,0.0,reliable_neg,-0.0022
London-NY Overlap,FIL/USDT,False,6141,1914,0.3117,0.3002,0.3234,0.83,-0.0108,-0.045,-66.1434,1.8331,0.353,0.0,70.4579,22,16.8117,3167,-0.0081,0.8757,2974,-0.0137,0.779,neg,high,366,-4.8598,0.0,-0.0168,0.7515,0.0,reliable_neg,-0.0028
London,DOGE/USDT,False,6182,1994,0.3225,0.311,0.3343,0.83,-0.0075,-0.0306,-46.4754,1.7433,0.3645,0.0,48.0272,21,16.9239,3114,-0.0081,0.8312,3068,-0.0069,0.8286,neg,high,365,-5.0411,0.0,-0.0135,0.7201,0.0,reliable_neg,0.0005
London,SEI/USDT,False,6409,2045,0.3191,0.3078,0.3306,0.8296,-0.0089,-0.0368,-57.0915,1.7704,0.361,0.0,59.0275,22,17.5454,3241,-0.0089,0.832,3168,-0.0089,0.8271,neg,high,365,-5.4454,0.0,-0.0149,0.7356,0.0,reliable_neg,-0.0009
London,LINK/USDT,False,6458,2086,0.323,0.3117,0.3345,0.8295,-0.008,-0.0338,-51.5278,1.7385,0.3652,0.0,54.916,31,17.6795,3223,-0.0084,0.8377,3235,-0.0076,0.8194,neg,high,365,-5.6919,0.0,-0.014,0.7251,0.0,reliable_neg,0.0
Asia,ETH/USDT,False,7444,2421,0.3252,0.3147,0.336,0.8287,-0.0069,-0.0282,-51.274,1.7194,0.3677,0.0,51.4693,22,20.3788,3651,-0.0072,0.8463,3793,-0.0065,0.8049,neg,high,365,-5.4379,0.0,-0.0129,0.7088,0.0,reliable_neg,0.0011
Asia,ETC/USDT,False,8361,2560,0.3062,0.2964,0.3162,0.8283,-0.0076,-0.0327,-63.9511,1.877,0.3476,0.0,66.8341,26,22.8892,4037,-0.0082,0.825,4324,-0.0071,0.8317,neg,high,365,-4.1645,0.0,-0.0136,0.7198,0.0001,reliable_neg,0.0004
Off-hours,BCH/USDT,False,4186,1355,0.3237,0.3097,0.338,0.8281,-0.0082,-0.0303,-34.2259,1.7302,0.3663,0.0,37.4882,25,11.4597,2069,-0.0079,0.8424,2117,-0.0085,0.8128,neg,high,365,-4.3186,0.0,-0.0142,0.7254,0.0,reliable_neg,-0.0002
London-NY Overlap,RENDER/USDT,False,6427,2017,0.3138,0.3026,0.3253,0.828,-0.0115,-0.0476,-73.5911,1.8103,0.3558,0.0,75.3386,25,17.5947,3176,-0.0137,0.8168,3251,-0.0092,0.8419,neg,high,366,-5.0304,0.0,-0.0175,0.7531,0.0,reliable_neg,-0.0035
Asia,TAO/USDT,False,8187,2434,0.2973,0.2875,0.3073,0.8279,-0.0117,-0.0497,-95.8191,1.9569,0.3382,0.0,96.2698,22,22.4129,4040,-0.0102,0.8681,4147,-0.0132,0.7765,neg,high,365,-6.3826,0.0,-0.0177,0.7549,0.0,reliable_neg,-0.0037
Asia,PEPE/USDT,False,6577,1809,0.275,0.2644,0.286,0.8262,-0.0118,-0.0544,-77.4849,2.1775,0.3147,0.0,78.7093,24,18.0053,3404,-0.0107,0.848,3173,-0.0129,0.8007,neg,high,365,-4.2956,0.0,-0.0178,0.7535,0.0,reliable_neg,-0.0038
London-NY Overlap,DOT/USDT,False,6227,1971,0.3165,0.3051,0.3282,0.8257,-0.0096,-0.0409,-59.5413,1.783,0.3593,0.0,60.8498,29,17.0471,3234,-0.0079,0.8617,2993,-0.0114,0.7836,neg,high,366,-5.4841,0.0,-0.0156,0.7361,0.0,reliable_neg,-0.0016
Off-hours,UNI/USDT,False,4096,1228,0.2998,0.286,0.314,0.8257,-0.0114,-0.0432,-46.8895,1.9284,0.3415,0.0,53.5312,21,11.2133,2013,-0.0171,0.763,2083,-0.006,0.8991,neg,high,365,-3.3796,0.0007,-0.0174,0.7503,0.001,reliable_neg,-0.0034
New York,NEAR/USDT,False,5783,1637,0.2831,0.2716,0.2948,0.8255,-0.0135,-0.0548,-77.9512,2.0907,0.3236,0.0,83.2312,27,15.8316,2887,-0.0088,0.8775,2896,-0.0182,0.7806,neg,high,366,-5.4185,0.0,-0.0195,0.7611,0.0,reliable_neg,-0.0055
Asia,SEI/USDT,False,7955,2376,0.2987,0.2887,0.3088,0.8238,-0.0093,-0.0382,-73.7885,1.9343,0.3408,0.0,73.7885,25,21.7777,3776,-0.0088,0.837,4179,-0.0097,0.8114,neg,high,365,-3.6303,0.0003,-0.0153,0.7313,0.0004,reliable_neg,-0.0013
Asia,DOGE/USDT,False,7514,2346,0.3122,0.3018,0.3228,0.8235,-0.0082,-0.0322,-61.763,1.8141,0.3553,0.0,62.1617,28,20.5705,3659,-0.0073,0.8579,3855,-0.0091,0.7839,neg,high,365,-4.1983,0.0,-0.0142,0.7196,0.0,reliable_neg,-0.0002
Asia,SOL/USDT,False,7954,2528,0.3178,0.3077,0.3281,0.8232,-0.0082,-0.0328,-65.2888,1.7669,0.3614,0.0,65.685,25,21.775,3868,-0.0077,0.8556,4086,-0.0087,0.7827,neg,high,365,-5.9418,0.0,-0.0142,0.7188,0.0,reliable_neg,-0.0002
Off-hours,HBAR/USDT,False,3814,1165,0.3055,0.291,0.3203,0.8231,-0.0091,-0.0353,-34.8331,1.8716,0.3482,0.0,39.8212,17,10.4413,1833,-0.0098,0.8358,1981,-0.0085,0.807,neg,high,366,-3.6483,0.0003,-0.0151,0.7288,0.0004,reliable_neg,-0.0011
London,ETC/USDT,False,6715,2131,0.3173,0.3063,0.3286,0.823,-0.0077,-0.0314,-51.7521,1.7705,0.361,0.0,52.6879,20,18.3831,3373,-0.0072,0.8408,3342,-0.0083,0.8039,neg,high,365,-5.272,0.0,-0.0137,0.7123,0.0,reliable_neg,0.0003
London-NY Overlap,BCH/USDT,False,6287,2035,0.3237,0.3122,0.3354,0.8228,-0.0084,-0.0339,-53.0203,1.7192,0.3678,0.0,54.4887,27,17.2114,3166,-0.0093,0.8107,3121,-0.0075,0.836,neg,high,366,-5.1561,0.0,-0.0144,0.7205,0.0,reliable_neg,-0.0004
London,ARB/USDT,False,6462,1991,0.3081,0.297,0.3195,0.8218,-0.0107,-0.043,-69.1628,1.8455,0.3514,0.0,69.4533,25,17.6905,3297,-0.0107,0.8101,3165,-0.0108,0.8325,neg,high,365,-5.2701,0.0,-0.0167,0.7399,0.0,reliable_neg,-0.0027
London,TAO/USDT,False,6539,1981,0.303,0.2919,0.3142,0.821,-0.0123,-0.0487,-80.4266,1.889,0.3461,0.0,82.4264,29,17.9013,3314,-0.0104,0.8642,3225,-0.0142,0.7644,neg,high,365,-5.6604,0.0,-0.0183,0.749,0.0,reliable_neg,-0.0043
London-NY Overlap,DOGE/USDT,False,6349,2130,0.3355,0.324,0.3472,0.8204,-0.0086,-0.0335,-54.3481,1.6251,0.3809,0.0,57.3209,42,17.3811,3201,-0.009,0.8248,3148,-0.0081,0.8152,neg,high,366,-5.5625,0.0,-0.0146,0.7181,0.0,reliable_neg,-0.0006
Off-hours,FIL/USDT,False,3824,1168,0.3054,0.291,0.3202,0.8196,-0.0138,-0.0413,-52.6395,1.8638,0.3492,0.0,66.4068,19,10.4686,1829,-0.0217,0.7748,1995,-0.0065,0.8878,neg,high,365,-2.0393,0.0414,-0.0198,0.7544,0.046,reliable_neg,-0.0058
London,ATOM/USDT,False,6788,2216,0.3265,0.3154,0.3377,0.8194,-0.0084,-0.0334,-56.8868,1.6906,0.3717,0.0,58.7299,26,18.5829,3419,-0.01,0.7963,3369,-0.0068,0.8457,neg,high,365,-6.0888,0.0,-0.0144,0.715,0.0,reliable_neg,-0.0004
London,OP/USDT,False,6294,1946,0.3092,0.2979,0.3207,0.8193,-0.0106,-0.0407,-66.7642,1.8306,0.3533,0.0,67.07,26,17.2306,3034,-0.0083,0.8594,3260,-0.0128,0.7819,neg,high,365,-5.6034,0.0,-0.0166,0.7357,0.0,reliable_neg,-0.0026
London,SHIB/USDT,False,5709,1742,0.3051,0.2933,0.3172,0.8176,-0.009,-0.038,-51.6336,1.8618,0.3494,0.0,52.0359,24,15.6291,2923,-0.0084,0.832,2786,-0.0098,0.8023,neg,high,365,-4.9764,0.0,-0.015,0.7201,0.0,reliable_neg,-0.001
New York,ETH/USDT,False,5195,1634,0.3145,0.302,0.3273,0.8167,-0.0094,-0.0354,-49.0205,1.7799,0.3597,0.0,49.4841,25,14.2219,2631,-0.012,0.806,2564,-0.0068,0.8333,neg,high,366,-5.6505,0.0,-0.0154,0.7224,0.0,reliable_neg,-0.0014
London-NY Overlap,LINK/USDT,False,6382,2086,0.3269,0.3155,0.3385,0.8149,-0.0096,-0.0386,-61.562,1.6783,0.3734,0.0,63.8962,23,17.4715,3105,-0.0112,0.8042,3277,-0.0082,0.8271,neg,high,366,-5.4538,0.0,-0.0156,0.7214,0.0,reliable_neg,-0.0016
London,XRP/USDT,False,6383,2031,0.3182,0.3069,0.3297,0.8145,-0.0076,-0.0279,-48.3923,1.7454,0.3642,0.0,49.6986,26,17.4742,3259,-0.0093,0.7945,3124,-0.0058,0.8407,neg,high,365,-5.5326,0.0,-0.0136,0.698,0.0,reliable_neg,0.0004
London,ONDO/USDT,False,6521,2012,0.3085,0.2974,0.3199,0.8142,-0.0112,-0.041,-72.7272,1.8246,0.354,0.0,74.1553,21,17.852,3333,-0.0102,0.8107,3188,-0.0121,0.8172,neg,high,365,-5.6992,0.0,-0.0172,0.7327,0.0,reliable_neg,-0.0032
New York,SHIB/USDT,False,5179,1540,0.2974,0.2851,0.31,0.8129,-0.0113,-0.0457,-58.5095,1.9209,0.3424,0.0,61.732,22,14.1781,2756,-0.0099,0.8445,2423,-0.0128,0.7722,neg,high,366,-5.2083,0.0,-0.0173,0.7322,0.0,reliable_neg,-0.0033
Asia,SHIB/USDT,False,7083,2096,0.2959,0.2854,0.3067,0.8127,-0.0093,-0.0384,-65.8402,1.9336,0.3409,0.0,65.8402,31,19.3905,3575,-0.0086,0.831,3508,-0.01,0.7928,neg,high,365,-5.7945,0.0,-0.0153,0.716,0.0,reliable_neg,-0.0013
New York,WLD/USDT,False,5530,1554,0.281,0.2693,0.293,0.8093,-0.0165,-0.0622,-91.2901,2.0707,0.3257,0.0,96.5497,34,15.139,2843,-0.0152,0.808,2687,-0.0179,0.8105,neg,high,366,-5.0911,0.0,-0.0225,0.7524,0.0,reliable_neg,-0.0085
Asia,NEAR/USDT,False,8212,2383,0.2902,0.2805,0.3001,0.8089,-0.0128,-0.0468,-105.1762,1.9785,0.3357,0.0,105.8691,25,22.4813,4106,-0.014,0.7769,4106,-0.0116,0.8371,neg,high,365,-6.8317,0.0,-0.0188,0.7361,0.0,reliable_neg,-0.0048
London-NY Overlap,AVAX/USDT,False,6291,2026,0.322,0.3106,0.3337,0.8077,-0.0098,-0.0375,-61.7971,1.7003,0.3703,0.0,63.3807,23,17.2223,3032,-0.009,0.8283,3259,-0.0106,0.7876,neg,high,366,-6.4203,0.0,-0.0158,0.7131,0.0,reliable_neg,-0.0018
New York,AVAX/USDT,False,5708,1687,0.2956,0.2839,0.3075,0.8074,-0.0111,-0.0418,-63.308,1.9245,0.3419,0.0,65.7712,34,15.6263,2919,-0.0091,0.8519,2789,-0.0132,0.7542,neg,high,366,-5.7933,0.0,-0.0171,0.7235,0.0,reliable_neg,-0.0031
London,LTC/USDT,False,6775,2217,0.3272,0.3162,0.3385,0.8053,-0.0079,-0.0285,-53.2171,1.6557,0.3765,0.0,54.8077,31,18.5474,3350,-0.006,0.863,3425,-0.0097,0.7389,neg,high,365,-5.2433,0.0,-0.0139,0.6879,0.0,reliable_neg,0.0001
New York,APT/USDT,False,5703,1623,0.2846,0.273,0.2964,0.8051,-0.0136,-0.0502,-77.7994,2.024,0.3307,0.0,79.3098,22,15.6126,2925,-0.0134,0.8188,2778,-0.0139,0.789,neg,high,366,-5.4603,0.0,-0.0196,0.7356,0.0,reliable_neg,-0.0056
Off-hours,PEPE/USDT,False,3035,850,0.2801,0.2644,0.2963,0.8036,-0.015,-0.0567,-45.6539,2.0657,0.3262,0.0,46.585,33,8.3087,1437,-0.015,0.8211,1598,-0.0151,0.7847,neg,high,364,-3.8679,0.0001,-0.021,0.7399,0.0002,reliable_neg,-0.007
New York,SOL/USDT,False,5604,1694,0.3023,0.2904,0.3144,0.8034,-0.011,-0.0404,-61.8287,1.8545,0.3503,0.0,63.3765,23,15.3416,2885,-0.0125,0.8078,2719,-0.0095,0.797,neg,high,366,-5.5486,0.0,-0.017,0.7176,0.0,reliable_neg,-0.003
London-NY Overlap,SHIB/USDT,False,5439,1731,0.3183,0.306,0.3308,0.8029,-0.0104,-0.0425,-56.5505,1.72,0.3676,0.0,59.855,30,14.8899,2888,-0.0088,0.8332,2551,-0.0122,0.7687,neg,high,366,-5.5398,0.0,-0.0164,0.7116,0.0,reliable_neg,-0.0024
London-NY Overlap,ETC/USDT,False,6349,2017,0.3177,0.3063,0.3292,0.8029,-0.0094,-0.0354,-59.4024,1.7244,0.3671,0.0,59.6926,26,17.3811,3223,-0.0074,0.8428,3126,-0.0114,0.7624,neg,high,366,-6.5693,0.0,-0.0154,0.7022,0.0,reliable_neg,-0.0014
New York,LTC/USDT,False,5871,1826,0.311,0.2993,0.323,0.8022,-0.0099,-0.0357,-58.1685,1.777,0.3601,0.0,60.1738,22,16.0725,2989,-0.0106,0.814,2882,-0.0092,0.786,neg,high,366,-5.7975,0.0,-0.0159,0.7066,0.0,reliable_neg,-0.0019
New York,ATOM/USDT,False,5855,1739,0.297,0.2854,0.3088,0.8006,-0.011,-0.0391,-64.6618,1.8949,0.3454,0.0,65.5019,44,16.0287,3011,-0.0096,0.8402,2844,-0.0126,0.751,neg,high,366,-5.6116,0.0,-0.017,0.714,0.0,reliable_neg,-0.003
Off-hours,SOL/USDT,False,3936,1236,0.314,0.2997,0.3287,0.8002,-0.0102,-0.0335,-40.1155,1.7481,0.3639,0.0,40.5419,25,10.7753,1920,-0.011,0.8193,2016,-0.0094,0.7735,neg,high,366,-4.7073,0.0,-0.0162,0.7063,0.0,reliable_neg,-0.0022
Off-hours,ETH/USDT,False,3751,1206,0.3215,0.3068,0.3366,0.7988,-0.0092,-0.0294,-34.4245,1.6858,0.3723,0.0,38.165,21,10.2688,1847,-0.0123,0.7764,1904,-0.0062,0.8313,neg,high,365,-4.6461,0.0,-0.0152,0.6946,0.0,reliable_neg,-0.0012
London,FIL/USDT,False,6204,1892,0.305,0.2936,0.3165,0.796,-0.0124,-0.0398,-76.8504,1.8142,0.3553,0.0,81.7795,23,16.9842,3190,-0.0135,0.7885,3014,-0.0112,0.805,neg,high,365,-5.5921,0.0,-0.0184,0.7167,0.0,reliable_neg,-0.0044
London,SOL/USDT,False,6439,2048,0.3181,0.3068,0.3295,0.7959,-0.0089,-0.0314,-57.6065,1.7064,0.3695,0.0,58.7713,36,17.6275,3222,-0.011,0.7792,3217,-0.0069,0.8177,neg,high,365,-6.2548,0.0,-0.0149,0.6881,0.0,reliable_neg,-0.0009
London,PEPE/USDT,False,5282,1484,0.281,0.269,0.2932,0.7935,-0.0141,-0.0542,-74.2244,2.0308,0.3299,0.0,76.7364,31,14.4601,2805,-0.0134,0.807,2477,-0.0148,0.7775,neg,high,365,-6.1709,0.0,-0.0201,0.7229,0.0,reliable_neg,-0.0061
New York,BNB/USDT,False,5586,1784,0.3194,0.3073,0.3317,0.7903,-0.0083,-0.0275,-46.3545,1.6843,0.3725,0.0,47.9427,22,15.2923,2835,-0.0073,0.8385,2751,-0.0093,0.7227,neg,high,366,-6.3925,0.0,-0.0143,0.6725,0.0,reliable_neg,-0.0003
London,ETH/USDT,False,6477,2161,0.3336,0.3223,0.3452,0.7883,-0.008,-0.0257,-52.1105,1.5745,0.3884,0.0,53.0017,20,17.7315,3351,-0.0084,0.8046,3126,-0.0076,0.7653,neg,high,365,-7.0937,0.0,-0.014,0.6657,0.0,reliable_neg,-0.0
New York,BTC/USDT,False,5235,1670,0.319,0.3065,0.3318,0.7861,-0.0084,-0.0277,-43.9456,1.6781,0.3734,0.0,45.7146,25,14.3314,2741,-0.0087,0.804,2494,-0.0081,0.7602,neg,high,366,-6.1635,0.0,-0.0144,0.6678,0.0,reliable_neg,-0.0004
London-NY Overlap,PEPE/USDT,False,5170,1502,0.2905,0.2783,0.303,0.7853,-0.0157,-0.0615,-81.0583,1.9177,0.3427,0.0,86.6102,21,14.1535,2743,-0.0099,0.8611,2427,-0.0222,0.7032,neg,high,366,-6.2155,0.0,-0.0217,0.7194,0.0,reliable_neg,-0.0077
New York,BCH/USDT,False,5679,1696,0.2986,0.2869,0.3107,0.7806,-0.0116,-0.0356,-65.951,1.8332,0.353,0.0,67.5529,29,15.5469,2916,-0.0129,0.7687,2763,-0.0103,0.7947,neg,high,366,-6.076,0.0,-0.0176,0.6917,0.0,reliable_neg,-0.0036
New York,XRP/USDT,False,5604,1681,0.3,0.2881,0.3121,0.7802,-0.0116,-0.0361,-64.9982,1.8207,0.3545,0.0,66.3137,33,15.3416,2899,-0.0111,0.8101,2705,-0.0121,0.7397,neg,high,366,-6.3959,0.0,-0.0176,0.6911,0.0,reliable_neg,-0.0036
London,BNB/USDT,False,6792,2280,0.3357,0.3246,0.347,0.7796,-0.0073,-0.0234,-49.5434,1.5428,0.3933,0.0,51.049,23,18.5939,3461,-0.008,0.7891,3331,-0.0066,0.7662,neg,high,365,-7.6095,0.0,-0.0133,0.6415,0.0,reliable_neg,0.0007
Asia,LTC/USDT,False,7748,2340,0.302,0.2919,0.3123,0.7778,-0.0093,-0.0302,-71.9448,1.7976,0.3574,0.0,78.0648,24,21.2111,3718,-0.008,0.8257,4030,-0.0105,0.7251,neg,high,365,-7.5413,0.0,-0.0153,0.6676,0.0,reliable_neg,-0.0013
London-NY Overlap,BTC/USDT,False,6568,2259,0.3439,0.3325,0.3555,0.775,-0.0075,-0.0245,-49.2466,1.4783,0.4035,0.0,49.8482,22,17.9807,3399,-0.0071,0.7992,3169,-0.0079,0.7455,neg,high,365,-7.2027,0.0,-0.0135,0.6377,0.0,reliable_neg,0.0005
London-NY Overlap,LTC/USDT,False,6609,2146,0.3247,0.3135,0.3361,0.773,-0.0101,-0.0321,-66.4812,1.6077,0.3835,0.0,67.3359,21,18.0929,3351,-0.0091,0.8087,3258,-0.011,0.7303,neg,high,366,-7.5258,0.0,-0.0161,0.668,0.0,reliable_neg,-0.0021
Asia,BNB/USDT,False,8381,2793,0.3333,0.3232,0.3434,0.772,-0.0077,-0.0238,-64.3643,1.5446,0.393,0.0,65.5885,33,22.944,4141,-0.0073,0.8102,4240,-0.0081,0.7228,neg,high,365,-8.5104,0.0,-0.0137,0.637,0.0,reliable_neg,0.0003
London-NY Overlap,BNB/USDT,False,6518,2187,0.3355,0.3242,0.3471,0.7673,-0.0081,-0.0264,-52.5001,1.5196,0.3969,0.0,52.5001,24,17.8438,3266,-0.0064,0.8316,3252,-0.0097,0.6895,neg,high,366,-7.3374,0.0,-0.0141,0.6359,0.0,reliable_neg,-0.0001
London-NY Overlap,ETH/USDT,False,6335,2127,0.3358,0.3242,0.3475,0.7668,-0.0103,-0.032,-65.4897,1.5169,0.3973,0.0,67.9635,19,17.3428,3200,-0.0094,0.81,3135,-0.0113,0.7105,neg,high,366,-7.4041,0.0,-0.0163,0.6618,0.0,reliable_neg,-0.0023
Off-hours,BNB/USDT,False,4167,1317,0.3161,0.3021,0.3303,0.7532,-0.0089,-0.0237,-37.1492,1.6299,0.3802,0.0,38.7128,25,11.4076,2072,-0.0108,0.7578,2095,-0.0071,0.746,neg,high,366,-6.8115,0.0,-0.0149,0.6292,0.0,reliable_neg,-0.0009
London,BTC/USDT,False,6538,2174,0.3325,0.3212,0.344,0.752,-0.0072,-0.0217,-46.8948,1.5094,0.3985,0.0,47.825,28,17.8985,3259,-0.0067,0.7892,3279,-0.0076,0.7066,neg,high,365,-7.1017,0.0,-0.0132,0.5999,0.0,reliable_neg,0.0008
Asia,BTC/USDT,False,7936,2558,0.3223,0.3121,0.3327,0.7492,-0.0078,-0.0229,-62.2193,1.5752,0.3883,0.0,62.2193,22,21.7257,3870,-0.0082,0.7718,4066,-0.0075,0.7208,neg,high,365,-8.4203,0.0,-0.0138,0.6083,0.0,reliable_neg,0.0002
Off-hours,ATOM/USDT,False,3535,1029,0.2911,0.2763,0.3063,0.746,-0.0126,-0.0345,-44.7148,1.8167,0.355,0.0,46.7614,29,9.6775,1742,-0.0118,0.7835,1793,-0.0135,0.7019,neg,high,365,-4.8196,0.0,-0.0186,0.6549,0.0,reliable_neg,-0.0046
Off-hours,BTC/USDT,False,3901,1216,0.3117,0.2974,0.3264,0.7245,-0.0095,-0.0242,-37.1117,1.5998,0.3846,0.0,37.165,27,10.6794,1894,-0.009,0.7751,2007,-0.01,0.6591,neg,high,366,-6.7772,0.0,-0.0155,0.5987,0.0,reliable_neg,-0.0015
London-NY Overlap,TRX/USDT,False,4794,1642,0.3425,0.3292,0.3561,0.6572,-0.0066,-0.0161,-31.4519,1.2615,0.4422,0.0,32.0433,28,13.1241,2587,-0.0067,0.6763,2207,-0.0063,0.6299,neg,high,366,-11.4757,0.0,-0.0126,0.4558,0.0,reliable_neg,0.0014
New York,TRX/USDT,False,5157,1673,0.3244,0.3118,0.3373,0.6526,-0.007,-0.016,-36.1627,1.359,0.4239,0.0,36.2488,23,14.1179,2790,-0.0072,0.6827,2367,-0.0068,0.6059,neg,high,366,-11.6772,0.0,-0.013,0.4632,0.0,reliable_neg,0.001
London,TRX/USDT,False,5850,2002,0.3422,0.3302,0.3545,0.6299,-0.0069,-0.0152,-40.1307,1.2106,0.4524,0.0,40.1307,24,16.0151,3094,-0.007,0.6563,2756,-0.0067,0.5931,neg,high,365,-12.3799,0.0,-0.0129,0.4279,0.0,reliable_neg,0.0011
Asia,TRX/USDT,False,7037,2242,0.3186,0.3078,0.3296,0.5791,-0.0075,-0.0151,-52.6671,1.2386,0.4467,0.0,52.9148,28,19.2646,3586,-0.0076,0.6236,3451,-0.0074,0.5188,neg,high,365,-16.2635,0.0,-0.0135,0.3835,0.0,reliable_neg,0.0005
Off-hours,TRX/USDT,False,3303,958,0.29,0.2748,0.3058,0.5412,-0.009,-0.0155,-29.7763,1.3247,0.4302,0.0,29.9554,28,9.0423,1810,-0.0086,0.6097,1493,-0.0095,0.4319,neg,high,366,-12.1082,0.0,-0.015,0.372,0.0,reliable_neg,-0.001
