strategy,selected,n,wins,wr,wr_lo,wr_hi,pf,exp,med,net,payoff,be,p,mdd,streak,tpd,n1,exp1,pf1,n2,exp2,pf2,stable,conf,days,t_day,p_day,exp_slip,pf_slip,q,verdict,exp_gross
ict_optimal_trade_entry_ote,False,981,333,0.3394,0.3105,0.3697,2.1993,0.1309,-0.0686,128.4398,4.2798,0.1894,0.0,25.4241,27,2.6856,460,0.2829,2.9826,521,-0.0032,0.9596,mixed,high,311,1.823,0.0683,0.1249,2.1043,0.0719,hypothesis,0.1389
smc_premium_discount_zone,False,16827,6882,0.409,0.4016,0.4164,0.987,-0.0016,-0.1011,-27.277,1.4262,0.4122,0.4065,175.5932,41,46.0659,7866,0.0173,1.134,8961,-0.0182,0.8486,mixed,high,366,-0.2127,0.8315,-0.0076,0.9404,0.8315,hypothesis,0.0064
pa_double_top_bottom,False,64307,39932,0.621,0.6172,0.6247,0.9142,-0.009,0.0946,-576.8959,0.558,0.6418,0.0,599.1999,51,176.0479,33559,-0.0059,0.9442,30748,-0.0123,0.8808,neg,high,366,-3.5975,0.0003,-0.015,0.8599,0.0004,reliable_neg,-0.001
smc_choch_reversal,False,66579,22307,0.335,0.3315,0.3386,0.9034,-0.0085,-0.0855,-564.7632,1.793,0.358,0.0,590.4108,94,182.2678,33647,-0.006,0.9348,32932,-0.011,0.8683,neg,high,366,-3.2014,0.0014,-0.0145,0.8423,0.0017,reliable_neg,-0.0005
ict_london_killzone_breakout,False,11704,4722,0.4035,0.3946,0.4124,0.8866,-0.0095,-0.0681,-111.4119,1.3109,0.4327,0.0,154.6448,63,32.0411,6016,-0.0129,0.8491,5688,-0.0059,0.928,neg,high,364,-1.8769,0.0605,-0.0155,0.8227,0.0673,hypothesis,-0.0015
classic_stochastic_cross,False,89326,29548,0.3308,0.3277,0.3339,0.8748,-0.0085,-0.0674,-759.8321,1.7698,0.361,0.0,773.5461,142,244.5403,44943,-0.0114,0.8432,44383,-0.0056,0.9117,neg,high,366,-6.1016,0.0,-0.0145,0.7984,0.0,reliable_neg,-0.0005
classic_rsi_reversal_30_70,False,28419,9342,0.3287,0.3233,0.3342,0.872,-0.0096,-0.0731,-273.6735,1.7807,0.3596,0.0,284.8062,134,77.8003,14363,-0.0098,0.8775,14056,-0.0095,0.8655,neg,high,366,-2.8248,0.0047,-0.0156,0.8028,0.0056,reliable_neg,-0.0016
pa_support_resistance_bounce,False,28682,9485,0.3307,0.3253,0.3362,0.8588,-0.0087,-0.0597,-249.9516,1.7382,0.3652,0.0,251.8236,27,78.5203,14262,-0.0082,0.8751,14420,-0.0092,0.8403,neg,high,366,-8.835,0.0,-0.0147,0.7762,0.0,reliable_neg,-0.0007
classic_ma_crossover_20_50,False,22349,7355,0.3291,0.323,0.3353,0.8497,-0.0098,-0.0659,-218.3431,1.7322,0.366,0.0,257.5985,59,61.183,11045,-0.0051,0.9242,11304,-0.0143,0.7718,neg,high,366,-3.8647,0.0001,-0.0158,0.7716,0.0002,reliable_neg,-0.0018
smc_order_block_retest,False,99868,29622,0.2966,0.2938,0.2995,0.8363,-0.0099,-0.042,-990.8127,1.9833,0.3352,0.0,1061.5416,123,273.4003,48461,-0.01,0.8464,51407,-0.0099,0.8254,neg,high,366,-6.2103,0.0,-0.0159,0.7544,0.0,reliable_neg,-0.0019
smc_liquidity_sweep_reversal,False,70553,17879,0.2534,0.2502,0.2566,0.8358,-0.0087,-0.0452,-615.5485,2.4623,0.2888,0.0,621.4204,86,193.1471,36194,-0.0095,0.8297,34359,-0.0079,0.8429,neg,high,366,-9.4564,0.0,-0.0147,0.7444,0.0,reliable_neg,-0.0007
ict_judas_swing,False,9969,3078,0.3088,0.2998,0.3179,0.8264,-0.0089,-0.042,-88.2974,1.8501,0.3509,0.0,91.9467,45,27.2913,5211,-0.0105,0.8064,4758,-0.007,0.8516,neg,high,365,-3.6115,0.0003,-0.0149,0.7307,0.0004,reliable_neg,-0.0009
rtm_supply_demand_zone,False,126217,29261,0.2318,0.2295,0.2342,0.8229,-0.0083,-0.0322,-1041.4503,2.7266,0.2683,0.0,1048.9537,105,345.5337,62992,-0.0087,0.8212,63225,-0.0078,0.8247,neg,high,366,-7.3104,0.0,-0.0143,0.7216,0.0,reliable_neg,-0.0003
classic_bollinger_mean_reversion,False,64034,28871,0.4509,0.447,0.4547,0.8021,-0.0093,-0.0606,-594.7627,0.9769,0.5059,0.0,597.711,109,175.3005,32806,-0.0111,0.7722,31228,-0.0074,0.8359,neg,high,366,-7.6585,0.0,-0.0153,0.6956,0.0,reliable_neg,-0.0013
classic_golden_cross_50_200,False,7820,2119,0.271,0.2612,0.2809,0.7982,-0.0187,-0.0919,-146.3257,2.1476,0.3177,0.0,151.9445,64,21.4082,3863,-0.0256,0.7458,3957,-0.012,0.859,neg,high,359,-3.6456,0.0003,-0.0247,0.7455,0.0004,reliable_neg,-0.0107
range_fade_extremes,False,55869,24940,0.4464,0.4423,0.4505,0.7925,-0.0069,-0.0333,-386.9696,0.9829,0.5043,0.0,387.951,64,152.9479,27043,-0.0087,0.7543,28826,-0.0052,0.833,neg,high,366,-10.2948,0.0,-0.0129,0.6479,0.0,reliable_neg,0.0011
smc_equal_highs_lows_grab,False,19014,4698,0.2471,0.241,0.2533,0.785,-0.0091,-0.0366,-172.6351,2.3921,0.2948,0.0,173.2199,41,52.053,9309,-0.0102,0.7751,9705,-0.008,0.796,neg,high,366,-9.3201,0.0,-0.0151,0.6774,0.0,reliable_neg,-0.0011
pa_pin_bar_rejection,False,129326,34876,0.2697,0.2673,0.2721,0.7716,-0.009,-0.0356,-1170.1371,2.0896,0.3237,0.0,1176.9028,72,354.045,63796,-0.0089,0.7861,65530,-0.0092,0.7561,neg,high,366,-17.7353,0.0,-0.015,0.658,0.0,reliable_neg,-0.001
smc_fvg_fill_entry,False,102190,20221,0.1979,0.1954,0.2003,0.7685,-0.0082,-0.0305,-839.9314,3.1153,0.243,0.0,839.9314,133,279.757,51009,-0.0078,0.7864,51181,-0.0086,0.7496,neg,high,366,-12.607,0.0,-0.0142,0.6473,0.0,reliable_neg,-0.0002
rtm_imbalance_rebalance,False,55407,8473,0.1529,0.15,0.1559,0.7264,-0.0075,-0.0256,-416.6566,4.0235,0.1991,0.0,417.1258,92,151.6831,27870,-0.0073,0.742,27537,-0.0077,0.7094,neg,high,366,-15.3966,0.0,-0.0135,0.5848,0.0,reliable_neg,0.0005
