symbol,selected,n,wins,wr,wr_lo,wr_hi,pf,exp,med,net,payoff,be,p,mdd,streak,tpd,n1,exp1,pf1,n2,exp2,pf2,stable,conf,days,t_day,p_day,exp_slip,pf_slip,q,verdict,exp_gross
FET/USDT,False,13689,3681,0.2689,0.2615,0.2764,0.9922,-0.0007,-0.0503,-9.7861,2.6977,0.2704,0.6932,38.7783,32,37.5266,6680,0.0028,1.0271,7009,-0.004,0.9514,mixed,high,366,-0.2058,0.8369,-0.0067,0.9305,0.8369,hypothesis,0.0073
WLD/USDT,False,13513,3507,0.2595,0.2522,0.267,0.9833,-0.0017,-0.0532,-22.4793,2.8054,0.2628,0.3952,65.4153,37,37.0441,6874,-0.0066,0.927,6639,0.0035,1.0318,mixed,high,366,-0.4287,0.6682,-0.0077,0.9263,0.6873,hypothesis,0.0063
AAVE/USDT,False,14018,3942,0.2812,0.2738,0.2887,0.9611,-0.0031,-0.0425,-42.8191,2.4567,0.2893,0.0353,65.4327,36,38.4285,6937,-0.0029,0.9639,7081,-0.0032,0.9583,neg,high,366,-1.0742,0.2827,-0.0091,0.8908,0.3084,hypothesis,0.0049
SOL/USDT,False,14242,4155,0.2917,0.2843,0.2993,0.9541,-0.0028,-0.0339,-39.8943,2.3163,0.3015,0.0109,49.4941,27,39.0426,6916,-0.0015,0.9787,7326,-0.004,0.9234,neg,high,366,-1.2668,0.2052,-0.0088,0.8653,0.2309,hypothesis,0.0052
PEPE/USDT,False,11504,3086,0.2683,0.2602,0.2764,0.9513,-0.0045,-0.0574,-51.3394,2.5949,0.2782,0.0177,73.9539,41,31.5367,6117,0.0004,1.0041,5387,-0.01,0.8866,mixed,high,366,-0.9884,0.323,-0.0105,0.891,0.3419,hypothesis,0.0035
RENDER/USDT,False,14197,3957,0.2787,0.2714,0.2862,0.9512,-0.0042,-0.0455,-59.7486,2.4615,0.2889,0.0075,71.0596,27,38.9192,6883,-0.0047,0.9532,7314,-0.0038,0.9486,neg,high,365,-1.2696,0.2042,-0.0102,0.8872,0.2309,hypothesis,0.0038
FIL/USDT,False,14247,3833,0.269,0.2618,0.2764,0.9396,-0.005,-0.0427,-71.6806,2.5528,0.2815,0.0009,111.2712,35,39.0563,7140,-0.0041,0.9541,7107,-0.006,0.9232,neg,high,366,-1.3664,0.1718,-0.011,0.8742,0.2062,hypothesis,0.003
UNI/USDT,False,13894,3854,0.2774,0.27,0.2849,0.9325,-0.0058,-0.0437,-79.9779,2.4291,0.2916,0.0002,107.9941,27,38.0886,6958,-0.0115,0.8693,6936,-0.0,0.9995,neg,high,366,-1.8087,0.0705,-0.0118,0.8687,0.0875,hypothesis,0.0022
ADA/USDT,False,14070,3938,0.2799,0.2725,0.2874,0.93,-0.0048,-0.0382,-68.1405,2.3929,0.2947,0.0001,89.0405,31,38.5711,6955,-0.006,0.9184,7115,-0.0037,0.943,neg,high,366,-1.9104,0.0561,-0.0108,0.8526,0.0721,hypothesis,0.0032
ENA/USDT,False,13968,3603,0.2579,0.2508,0.2653,0.9282,-0.007,-0.0524,-98.2987,2.6702,0.2725,0.0001,114.9368,34,38.2914,7058,-0.0051,0.9465,6910,-0.0091,0.9109,neg,high,366,-2.0534,0.04,-0.013,0.8728,0.0543,hypothesis,0.001
ARB/USDT,False,14072,3679,0.2614,0.2542,0.2688,0.9236,-0.0063,-0.045,-88.2118,2.6092,0.2771,0.0,109.0229,42,38.5765,7097,-0.0027,0.9657,6975,-0.0099,0.8843,neg,high,366,-2.0462,0.0407,-0.0123,0.8582,0.0543,hypothesis,0.0017
DOGE/USDT,False,14027,4039,0.2879,0.2805,0.2955,0.9195,-0.005,-0.0335,-69.8924,2.2738,0.3055,0.0,75.6877,34,38.4532,6961,-0.0049,0.93,7066,-0.0051,0.9063,neg,high,366,-2.2173,0.0266,-0.011,0.834,0.0399,reliable_neg,0.003
ONDO/USDT,False,14054,3817,0.2716,0.2643,0.279,0.9157,-0.0071,-0.045,-99.1741,2.4558,0.2894,0.0,108.2089,33,38.5272,7174,-0.0084,0.8958,6880,-0.0057,0.9348,neg,high,366,-2.4604,0.0139,-0.0131,0.8517,0.0238,reliable_neg,0.0009
INJ/USDT,False,14196,3706,0.2611,0.2539,0.2683,0.9138,-0.0079,-0.0494,-112.7833,2.5864,0.2788,0.0,132.9071,35,38.9165,7218,-0.0027,0.9685,6978,-0.0133,0.8637,neg,high,366,-2.1195,0.034,-0.0139,0.8556,0.049,reliable_neg,0.0001
SUI/USDT,False,13852,3854,0.2782,0.2708,0.2858,0.9127,-0.0069,-0.0416,-95.1406,2.3678,0.2969,0.0,106.9925,34,37.9734,6854,-0.0052,0.9377,6998,-0.0085,0.8852,neg,high,366,-2.2769,0.0228,-0.0129,0.845,0.0357,reliable_neg,0.0011
AVAX/USDT,False,14503,4099,0.2826,0.2754,0.29,0.9076,-0.0062,-0.0361,-89.6149,2.3036,0.3027,0.0,94.8897,36,39.7581,7067,-0.0039,0.9455,7436,-0.0084,0.8671,neg,high,366,-2.3983,0.0165,-0.0122,0.8289,0.0269,reliable_neg,0.0018
TAO/USDT,False,14225,3765,0.2647,0.2575,0.272,0.906,-0.0086,-0.0502,-122.9377,2.517,0.2843,0.0,132.2002,31,38.996,6910,-0.0068,0.9362,7315,-0.0104,0.8671,neg,high,366,-2.6329,0.0085,-0.0146,0.848,0.016,reliable_neg,-0.0006
ETC/USDT,False,15642,4384,0.2803,0.2733,0.2874,0.902,-0.0059,-0.0333,-92.2059,2.3163,0.3015,0.0,92.8283,29,42.8805,7773,-0.0014,0.9776,7869,-0.0104,0.8237,neg,high,366,-2.9588,0.0031,-0.0119,0.8155,0.0084,reliable_neg,0.0021
SHIB/USDT,False,13244,3794,0.2865,0.2788,0.2942,0.8993,-0.0068,-0.0404,-89.446,2.2399,0.3086,0.0,98.0966,38,36.3067,6814,-0.007,0.9019,6430,-0.0065,0.8961,neg,high,366,-2.6165,0.0089,-0.0128,0.8212,0.016,reliable_neg,0.0012
HBAR/USDT,False,14132,4016,0.2842,0.2768,0.2917,0.899,-0.0065,-0.0349,-92.4715,2.2644,0.3063,0.0,114.0371,27,38.741,7051,-0.0055,0.9233,7081,-0.0075,0.8684,neg,high,366,-2.8806,0.004,-0.0125,0.8183,0.009,reliable_neg,0.0015
LTC/USDT,False,15112,4368,0.289,0.2819,0.2963,0.8986,-0.0056,-0.0309,-84.9531,2.2104,0.3115,0.0,98.9335,37,41.4276,7529,-0.0027,0.9557,7583,-0.0085,0.8289,neg,high,366,-2.8613,0.0042,-0.0116,0.8054,0.009,reliable_neg,0.0024
LINK/USDT,False,14514,4073,0.2806,0.2734,0.288,0.8967,-0.0069,-0.037,-99.5337,2.2987,0.3031,0.0,106.555,34,39.7882,7194,-0.0061,0.9166,7320,-0.0076,0.8727,neg,high,366,-2.6728,0.0075,-0.0129,0.8182,0.015,reliable_neg,0.0011
APT/USDT,False,14534,3820,0.2628,0.2557,0.2701,0.896,-0.0085,-0.0454,-122.9769,2.513,0.2847,0.0,137.2354,40,39.8431,7379,-0.0099,0.8841,7155,-0.007,0.9096,neg,high,366,-2.8605,0.0042,-0.0145,0.8314,0.009,reliable_neg,-0.0005
DOT/USDT,False,14603,3957,0.271,0.2638,0.2782,0.8923,-0.0078,-0.0399,-114.5198,2.4006,0.2941,0.0,137.4774,37,40.0322,7266,-0.0103,0.869,7337,-0.0054,0.9192,neg,high,366,-3.102,0.0019,-0.0138,0.8206,0.0063,reliable_neg,0.0002
ETH/USDT,False,13643,4094,0.3001,0.2924,0.3078,0.8891,-0.0063,-0.0303,-85.6611,2.0738,0.3253,0.0,87.9257,34,37.4005,6729,-0.0075,0.886,6914,-0.0051,0.8932,neg,high,366,-3.0234,0.0025,-0.0123,0.7981,0.0075,reliable_neg,0.0017
BCH/USDT,False,14825,4287,0.2892,0.2819,0.2965,0.8885,-0.0069,-0.032,-102.6798,2.1841,0.3141,0.0,118.6535,47,40.6408,7401,-0.0061,0.9078,7424,-0.0078,0.8669,neg,high,366,-2.9424,0.0033,-0.0129,0.8053,0.0084,reliable_neg,0.0011
SEI/USDT,False,14500,3938,0.2716,0.2644,0.2789,0.8836,-0.0083,-0.0395,-120.1835,2.3699,0.2967,0.0,136.9157,42,39.7499,7231,-0.0074,0.8996,7269,-0.0092,0.8666,neg,high,365,-3.1407,0.0017,-0.0143,0.811,0.0061,reliable_neg,-0.0003
ICP/USDT,False,14393,3852,0.2676,0.2605,0.2749,0.8811,-0.0106,-0.0451,-152.038,2.4111,0.2932,0.0,162.5525,32,39.4565,7116,-0.0101,0.8995,7277,-0.011,0.8579,neg,high,366,-3.6218,0.0003,-0.0166,0.8224,0.0013,reliable_neg,-0.0026
ATOM/USDT,False,15444,4358,0.2822,0.2751,0.2893,0.8809,-0.0077,-0.0356,-118.7859,2.2409,0.3086,0.0,122.075,36,42.3377,7681,-0.007,0.8953,7763,-0.0084,0.8657,neg,high,366,-3.7668,0.0002,-0.0137,0.8013,0.001,reliable_neg,0.0003
NEAR/USDT,False,14263,3713,0.2603,0.2532,0.2676,0.8754,-0.0115,-0.0491,-164.2881,2.4873,0.2868,0.0,177.0926,36,39.1001,7183,-0.013,0.8505,7080,-0.01,0.8979,neg,high,366,-3.5722,0.0004,-0.0175,0.8192,0.0014,reliable_neg,-0.0035
TIA/USDT,False,14163,3815,0.2694,0.2621,0.2767,0.8716,-0.0119,-0.0495,-169.1627,2.3641,0.2973,0.0,180.6189,30,38.826,7139,-0.0114,0.8763,7024,-0.0124,0.8669,neg,high,366,-4.0719,0.0,-0.0179,0.8157,0.0003,reliable_neg,-0.0039
XRP/USDT,False,14384,4079,0.2836,0.2763,0.291,0.87,-0.0077,-0.0317,-110.3806,2.1979,0.3127,0.0,113.8596,31,39.4319,7164,-0.0065,0.8995,7220,-0.0088,0.8347,neg,high,366,-3.7277,0.0002,-0.0137,0.7841,0.001,reliable_neg,0.0003
OP/USDT,False,14504,3736,0.2576,0.2505,0.2648,0.8476,-0.0129,-0.0456,-186.9989,2.4429,0.2904,0.0,193.7247,38,39.7608,7201,-0.0158,0.8203,7303,-0.01,0.8766,neg,high,366,-4.796,0.0,-0.0189,0.7878,0.0,reliable_neg,-0.0049
BNB/USDT,False,15064,4486,0.2978,0.2905,0.3051,0.8113,-0.0088,-0.0251,-133.2577,1.9131,0.3433,0.0,133.5155,37,41.296,7528,-0.0092,0.8272,7536,-0.0085,0.7908,neg,high,366,-5.5694,0.0,-0.0148,0.7095,0.0,reliable_neg,-0.0008
BTC/USDT,False,14356,4290,0.2988,0.2914,0.3064,0.8005,-0.009,-0.0241,-129.5573,1.8783,0.3474,0.0,136.8424,31,39.3551,7187,-0.0098,0.8075,7169,-0.0083,0.7915,neg,high,366,-5.2343,0.0,-0.015,0.6961,0.0,reliable_neg,-0.001
TRX/USDT,False,13708,4241,0.3094,0.3017,0.3172,0.7543,-0.0062,-0.0155,-85.2069,1.6838,0.3726,0.0,86.0034,35,37.5787,7279,-0.0064,0.7714,6429,-0.006,0.7303,neg,high,366,-7.8208,0.0,-0.0122,0.5851,0.0,reliable_neg,0.0018
