strategy,session,selected,n,wins,wr,wr_lo,wr_hi,pf,exp,med,net,payoff,be,p,mdd,streak,tpd,n1,exp1,pf1,n2,exp2,pf2,stable,conf,days,t_day,p_day,exp_slip,pf_slip,q,verdict,exp_gross
ict_optimal_trade_entry_ote,Asia,False,236,84,0.3559,0.2976,0.4189,3.599,0.2719,-0.0534,64.1668,6.5125,0.1331,0.0,5.0923,12,0.647,89,0.7419,6.4335,147,-0.0127,0.8517,mixed,high,151,2.0188,0.0435,0.2659,3.4511,0.1003,hypothesis,0.2799
ict_optimal_trade_entry_ote,Off-hours,False,155,50,0.3226,0.254,0.3997,3.3988,0.4555,-0.0782,70.6015,7.1375,0.1229,0.0,16.9439,16,0.4249,75,0.9631,4.1505,80,-0.0204,0.7495,mixed,high,101,1.8591,0.063,0.4495,3.3176,0.1308,hypothesis,0.4635
ict_optimal_trade_entry_ote,New York,False,177,74,0.4181,0.3479,0.4917,1.2649,0.0237,-0.0399,4.2004,1.7606,0.3622,0.1371,2.2292,8,0.4852,82,0.0194,1.1827,95,0.0275,1.3646,pos,high,125,0.9884,0.3229,0.0177,1.1905,0.5039,hypothesis,0.0317
smc_premium_discount_zone,London,False,1510,647,0.4285,0.4037,0.4536,1.1608,0.0389,-0.1985,58.7078,1.5483,0.3924,0.0044,19.041,21,4.1395,768,0.0834,1.3327,742,-0.0072,0.9693,mixed,high,314,1.6451,0.1,0.0329,1.1341,0.1929,hypothesis,0.0469
pa_double_top_bottom,London-NY Overlap,False,1531,855,0.5585,0.5335,0.5832,1.1557,0.0474,0.3332,72.5999,0.9138,0.5225,0.0049,50.9307,21,4.197,783,-0.0008,0.9976,748,0.0979,1.3719,mixed,high,311,1.7021,0.0887,0.0414,1.1348,0.1754,hypothesis,0.0554
classic_bollinger_mean_reversion,Off-hours,False,2219,896,0.4038,0.3836,0.4244,1.1425,0.0095,-0.0697,21.0733,1.6869,0.3722,0.0023,15.077,34,6.0831,1201,0.0142,1.2069,1018,0.004,1.0614,pos,high,319,0.9542,0.34,0.0035,1.0498,0.5039,hypothesis,0.0175
pa_double_top_bottom,New York,False,1579,866,0.5484,0.5238,0.5728,1.1152,0.0364,0.3244,57.5397,0.9182,0.5213,0.0322,54.2613,17,4.3286,813,0.0305,1.0926,766,0.0428,1.1412,pos,high,307,1.2176,0.2234,0.0304,1.0954,0.3783,hypothesis,0.0444
smc_choch_reversal,Asia,False,5340,1948,0.3648,0.352,0.3778,1.0955,0.0157,-0.1672,84.0022,1.9076,0.3439,0.0014,50.6235,39,14.6389,2612,0.0216,1.1266,2728,0.0101,1.0634,pos,high,361,1.1656,0.2438,0.0097,1.0578,0.4032,hypothesis,0.0237
pa_pin_bar_rejection,Asia,False,3274,914,0.2792,0.2641,0.2948,1.0724,0.0101,-0.1271,32.9329,2.7691,0.2653,0.0748,45.6268,43,8.9752,1589,0.0399,1.2921,1685,-0.0181,0.8719,mixed,high,353,0.562,0.5741,0.0041,1.0283,0.6906,hypothesis,0.0181
smc_premium_discount_zone,Asia,False,1761,761,0.4321,0.4092,0.4554,1.0714,0.0166,-0.1991,29.2075,1.4079,0.4153,0.1537,21.6671,16,4.8276,884,0.0414,1.1767,877,-0.0084,0.9634,mixed,high,327,0.832,0.4054,0.0106,1.0449,0.5608,hypothesis,0.0246
smc_choch_reversal,London,False,4728,1679,0.3551,0.3416,0.3689,1.067,0.011,-0.1688,52.2015,1.9376,0.3404,0.0342,63.8092,38,12.9612,2400,0.0262,1.1557,2328,-0.0046,0.9716,mixed,high,361,0.8639,0.3877,0.005,1.0299,0.5548,hypothesis,0.019
classic_ma_crossover_20_50,Asia,False,483,162,0.3354,0.2947,0.3787,1.0564,0.0134,-0.2677,6.4512,2.0933,0.3233,0.5599,18.2404,20,1.3241,251,-0.001,0.9961,232,0.0289,1.1363,mixed,high,208,0.3592,0.7194,0.0074,1.0306,0.7857,hypothesis,0.0214
pa_double_top_bottom,London,False,1497,814,0.5438,0.5184,0.5688,1.0562,0.0181,0.3039,27.1492,0.8862,0.5302,0.3004,55.3156,11,4.1038,770,-0.0479,0.8715,727,0.0881,1.3262,mixed,high,310,0.6732,0.5008,0.0121,1.0373,0.6495,hypothesis,0.0261
classic_stochastic_cross,New York,False,6092,2181,0.358,0.3461,0.3701,1.0514,0.0069,-0.1355,41.8699,1.8854,0.3466,0.0613,51.3461,55,16.7004,3206,-0.0007,0.995,2886,0.0153,1.1262,mixed,high,362,0.6458,0.5184,0.0009,1.0063,0.6519,hypothesis,0.0149
classic_stochastic_cross,Off-hours,False,4210,1500,0.3563,0.342,0.3709,1.0444,0.006,-0.1378,25.094,1.8869,0.3464,0.1789,49.9122,70,11.5412,2339,0.0105,1.0751,1871,0.0003,1.0021,pos,high,356,0.4199,0.6746,-0.0,0.9997,0.7776,hypothesis,0.014
pa_double_top_bottom,Asia,False,1616,871,0.539,0.5146,0.5632,1.0419,0.0136,0.3018,22.0345,0.8911,0.5288,0.4253,60.3745,18,4.4301,822,-0.0166,0.9538,794,0.0449,1.1547,mixed,high,315,0.4604,0.6452,0.0076,1.0232,0.7543,hypothesis,0.0216
smc_choch_reversal,London-NY Overlap,False,4710,1632,0.3465,0.333,0.3602,1.0298,0.0048,-0.1674,22.7805,1.9422,0.3399,0.3403,71.6071,49,12.9118,2428,0.0249,1.1517,2282,-0.0165,0.8971,mixed,high,364,0.3759,0.707,-0.0012,0.993,0.7857,hypothesis,0.0128
smc_premium_discount_zone,London-NY Overlap,False,1455,609,0.4186,0.3935,0.4441,1.0281,0.0073,-0.2204,10.639,1.4282,0.4118,0.6129,45.3664,27,3.9887,774,-0.0167,0.9442,681,0.0346,1.1607,mixed,high,311,0.301,0.7634,0.0013,1.005,0.8124,hypothesis,0.0153
classic_ma_crossover_20_50,London,False,252,82,0.3254,0.2705,0.3855,1.0226,0.0052,-0.2681,1.2981,2.12,0.3205,0.8926,15.7707,19,0.6908,115,-0.0158,0.9342,137,0.0227,1.1039,mixed,high,139,0.1155,0.908,-0.0008,0.9963,0.9304,hypothesis,0.0132
classic_ma_crossover_20_50,New York,False,533,191,0.3583,0.3188,0.3999,1.0212,0.005,-0.2725,2.6839,1.8285,0.3535,0.8209,15.1604,27,1.4611,256,-0.0383,0.858,277,0.0451,1.2176,mixed,high,220,0.1452,0.8846,-0.001,0.996,0.9294,hypothesis,0.013
pa_pin_bar_rejection,London-NY Overlap,False,2015,496,0.2462,0.2278,0.2654,1.0086,0.0011,-0.1222,2.2317,3.0888,0.2446,0.8764,36.4166,49,5.5239,1033,0.019,1.1495,982,-0.0177,0.8649,mixed,high,339,0.0823,0.9344,-0.0049,0.9634,0.9458,hypothesis,0.0091
pa_support_resistance_bounce,Off-hours,False,1428,507,0.355,0.3306,0.3802,1.0016,0.0002,-0.1148,0.2636,1.8195,0.3547,0.9779,7.8863,21,3.9147,663,0.0045,1.0369,765,-0.0035,0.968,mixed,high,323,0.0232,0.9815,-0.0058,0.9513,0.9815,hypothesis,0.0082
pa_support_resistance_bounce,New York,False,1856,646,0.3481,0.3267,0.37,0.9819,-0.0022,-0.123,-4.0673,1.8392,0.3522,0.7156,14.0931,16,5.088,926,-0.0037,0.9718,930,-0.0007,0.9935,neg,high,337,-0.3024,0.7624,-0.0082,0.9344,0.8124,hypothesis,0.0058
classic_rsi_reversal_30_70,Asia,False,2045,655,0.3203,0.3004,0.3408,0.9818,-0.0027,-0.1469,-5.4713,2.0835,0.3243,0.7056,45.9033,54,5.6061,1032,0.0257,1.1842,1013,-0.0316,0.7953,mixed,high,333,-0.131,0.8958,-0.0087,0.9426,0.9294,hypothesis,0.0053
smc_order_block_retest,New York,False,7482,2249,0.3006,0.2903,0.3111,0.9795,-0.0024,-0.0966,-18.0828,2.2791,0.305,0.4145,105.7572,44,20.5109,3740,-0.004,0.9674,3742,-0.0008,0.9926,neg,high,363,-0.3644,0.7156,-0.0084,0.9311,0.7857,hypothesis,0.0056
classic_bollinger_mean_reversion,New York,False,5104,1871,0.3666,0.3535,0.3799,0.9622,-0.0026,-0.0709,-13.2503,1.6626,0.3756,0.1885,27.84,106,13.9919,2813,-0.0034,0.9526,2291,-0.0016,0.975,neg,high,358,-0.4059,0.6848,-0.0086,0.8814,0.7786,hypothesis,0.0054
smc_order_block_retest,Off-hours,False,6030,1840,0.3051,0.2936,0.3169,0.962,-0.0043,-0.0892,-26.1521,2.1906,0.3134,0.1694,64.1121,39,16.5305,2892,-0.0009,0.9924,3138,-0.0075,0.9332,neg,high,363,-0.5694,0.5691,-0.0103,0.9125,0.6906,hypothesis,0.0037
smc_order_block_retest,Asia,False,8545,2465,0.2885,0.279,0.2982,0.9577,-0.0048,-0.0846,-40.6739,2.3623,0.2974,0.0721,77.7249,40,23.425,4107,-0.0009,0.9923,4438,-0.0083,0.9237,neg,high,363,-0.7747,0.4385,-0.0108,0.908,0.5909,hypothesis,0.0032
smc_order_block_retest,London-NY Overlap,False,7381,2173,0.2944,0.2841,0.3049,0.9571,-0.0046,-0.0835,-33.6841,2.2938,0.3036,0.0875,75.0001,35,20.234,3594,-0.0093,0.9171,3787,-0.0001,0.9994,neg,high,364,-0.7699,0.4414,-0.0106,0.9045,0.5909,hypothesis,0.0034
pa_support_resistance_bounce,London,False,2091,711,0.34,0.32,0.3606,0.9465,-0.0061,-0.115,-12.6802,1.837,0.3525,0.2431,21.2016,19,5.7322,1051,0.0027,1.0232,1040,-0.015,0.8628,mixed,high,351,-0.9318,0.3514,-0.0121,0.8971,0.5117,hypothesis,0.0019
smc_premium_discount_zone,Off-hours,False,1157,476,0.4114,0.3834,0.44,0.9393,-0.015,-0.2225,-17.3412,1.3439,0.4266,0.2984,39.031,24,3.1718,615,-0.0175,0.9326,542,-0.0121,0.9478,neg,high,278,-0.5443,0.5863,-0.021,0.9162,0.6951,hypothesis,-0.007
smc_choch_reversal,Off-hours,False,4164,1383,0.3321,0.318,0.3466,0.9274,-0.0131,-0.1852,-54.6236,1.8649,0.3491,0.0219,80.8109,43,11.4151,2218,-0.0201,0.8964,1946,-0.0051,0.969,neg,high,360,-0.8482,0.3963,-0.0191,0.8965,0.5576,hypothesis,-0.0051
classic_rsi_reversal_30_70,New York,False,1957,661,0.3378,0.3171,0.359,0.9269,-0.0105,-0.1476,-20.4964,1.8173,0.3549,0.1135,44.9706,55,5.3649,974,-0.0184,0.8757,983,-0.0026,0.9813,neg,high,320,-0.6738,0.5005,-0.0165,0.8881,0.6495,hypothesis,-0.0025
classic_rsi_reversal_30_70,London-NY Overlap,False,1484,494,0.3329,0.3094,0.3573,0.9214,-0.0108,-0.1416,-16.0163,1.8465,0.3513,0.142,29.0837,35,4.0682,715,0.0126,1.0963,769,-0.0325,0.7734,mixed,high,293,-0.574,0.566,-0.0168,0.8811,0.6906,hypothesis,-0.0028
pa_support_resistance_bounce,London-NY Overlap,False,1899,638,0.336,0.3151,0.3575,0.9154,-0.0095,-0.1127,-17.9624,1.8094,0.356,0.0723,21.0648,18,5.2059,959,-0.0071,0.9403,940,-0.0119,0.8868,neg,high,347,-1.5309,0.1258,-0.0155,0.8666,0.232,hypothesis,-0.0015
classic_rsi_reversal_30_70,Off-hours,False,1265,427,0.3375,0.312,0.3641,0.9068,-0.0136,-0.1517,-17.1886,1.7795,0.3598,0.101,29.5527,38,3.4678,736,-0.0036,0.9757,529,-0.0274,0.8053,neg,high,272,-0.655,0.5125,-0.0196,0.8692,0.6519,hypothesis,-0.0056
classic_stochastic_cross,London,False,6179,2034,0.3292,0.3176,0.341,0.9048,-0.0123,-0.1322,-75.8932,1.8438,0.3516,0.0002,113.4634,76,16.9389,3188,0.0097,1.0769,2991,-0.0358,0.7281,mixed,high,363,-1.2545,0.2097,-0.0183,0.8625,0.3625,hypothesis,-0.0043
rtm_supply_demand_zone,New York,False,8988,1838,0.2045,0.1963,0.213,0.8935,-0.0087,-0.0646,-78.2643,3.4757,0.2234,0.0,90.5439,68,24.6394,4332,-0.0072,0.9151,4656,-0.0102,0.8721,neg,high,364,-2.1186,0.0341,-0.0147,0.83,0.0836,hypothesis,-0.0007
smc_premium_discount_zone,New York,False,1548,631,0.4076,0.3834,0.4323,0.8907,-0.0286,-0.2337,-44.2104,1.2944,0.4358,0.0258,54.0656,21,4.2436,837,-0.0358,0.8733,711,-0.02,0.9152,neg,high,303,-1.1559,0.2477,-0.0346,0.8695,0.4032,hypothesis,-0.0206
rtm_supply_demand_zone,London,False,9221,2029,0.22,0.2117,0.2286,0.8871,-0.0092,-0.0622,-84.4034,3.1443,0.2413,0.0,96.469,72,25.2782,4590,-0.0106,0.8738,4631,-0.0077,0.9013,neg,high,363,-2.1171,0.0342,-0.0152,0.8233,0.0836,hypothesis,-0.0012
pa_pin_bar_rejection,London,False,2046,497,0.2429,0.2248,0.262,0.8869,-0.0158,-0.1236,-32.301,2.7642,0.2657,0.0199,46.3522,55,5.6088,1065,-0.0284,0.8067,981,-0.0021,0.9841,neg,high,330,-0.9742,0.33,-0.0218,0.8488,0.5039,hypothesis,-0.0078
rtm_supply_demand_zone,Off-hours,False,7033,1570,0.2232,0.2137,0.2331,0.8862,-0.0098,-0.0662,-68.8431,3.0835,0.2449,0.0,74.5429,68,19.28,3333,-0.0098,0.8909,3700,-0.0097,0.8815,neg,high,364,-2.0011,0.0454,-0.0158,0.8258,0.1018,hypothesis,-0.0018
pa_pin_bar_rejection,New York,False,3057,881,0.2882,0.2724,0.3045,0.885,-0.0184,-0.1442,-56.373,2.1859,0.3139,0.0022,82.9586,39,8.3804,1530,-0.0275,0.8428,1527,-0.0093,0.9359,neg,high,351,-1.4266,0.1537,-0.0244,0.8515,0.2714,hypothesis,-0.0104
ict_london_killzone_breakout,London,False,11667,4685,0.4016,0.3927,0.4105,0.8824,-0.0099,-0.0683,-115.2692,1.315,0.432,0.0,151.9454,63,31.9836,5986,-0.0136,0.8417,5681,-0.006,0.927,neg,high,364,-1.9507,0.0511,-0.0159,0.8187,0.1116,hypothesis,-0.0019
pa_support_resistance_bounce,Asia,False,2456,793,0.3229,0.3047,0.3416,0.8798,-0.0146,-0.1261,-35.883,1.8451,0.3515,0.0029,41.4215,20,6.7328,1217,-0.0162,0.8764,1239,-0.013,0.8838,neg,high,353,-2.4829,0.013,-0.0206,0.836,0.036,reliable_neg,-0.0066
classic_stochastic_cross,London-NY Overlap,False,5252,1715,0.3265,0.314,0.3393,0.8788,-0.0159,-0.1347,-83.2606,1.8124,0.3556,0.0,93.0858,69,14.3977,2831,-0.014,0.8942,2421,-0.018,0.8603,neg,high,363,-1.5473,0.1218,-0.0219,0.8379,0.2298,hypothesis,-0.0079
smc_order_block_retest,London,False,7412,2046,0.276,0.266,0.2863,0.8774,-0.0133,-0.0852,-98.7009,2.3012,0.3029,0.0,119.1849,41,20.319,3532,-0.0242,0.7924,3880,-0.0034,0.9665,neg,high,363,-2.4429,0.0146,-0.0193,0.829,0.039,reliable_neg,-0.0053
rtm_supply_demand_zone,Asia,False,11024,2318,0.2103,0.2028,0.218,0.8719,-0.0107,-0.0648,-117.8805,3.2745,0.2339,0.0,126.4962,79,30.2209,5385,-0.0104,0.8817,5639,-0.011,0.8615,neg,high,363,-2.4981,0.0125,-0.0167,0.8107,0.0357,reliable_neg,-0.0027
smc_choch_reversal,New York,False,5451,1710,0.3137,0.3015,0.3261,0.8657,-0.0253,-0.1951,-137.8051,1.894,0.3455,0.0,151.1058,45,14.9432,2874,-0.0204,0.8961,2577,-0.0307,0.8286,neg,high,361,-1.8474,0.0647,-0.0313,0.8374,0.131,hypothesis,-0.0173
classic_stochastic_cross,Asia,False,7181,2287,0.3185,0.3078,0.3293,0.8645,-0.0182,-0.1406,-130.9678,1.8499,0.3509,0.0,142.9135,90,19.6858,3487,-0.0145,0.8955,3694,-0.0218,0.8335,neg,high,362,-2.0999,0.0357,-0.0242,0.8252,0.0847,hypothesis,-0.0102
smc_liquidity_sweep_reversal,Off-hours,False,8875,2267,0.2554,0.2465,0.2646,0.8617,-0.0074,-0.0429,-65.2886,2.5118,0.2848,0.0,67.9236,84,24.3296,4494,-0.0094,0.8434,4381,-0.0052,0.8864,neg,high,366,-1.8824,0.0598,-0.0134,0.7684,0.1272,hypothesis,0.0006
rtm_supply_demand_zone,London-NY Overlap,False,8617,1860,0.2159,0.2073,0.2247,0.8557,-0.0118,-0.0643,-101.4837,3.1084,0.2434,0.0,127.4489,69,23.6224,4162,-0.0114,0.8667,4455,-0.0122,0.8444,neg,high,364,-2.8468,0.0044,-0.0178,0.794,0.0147,reliable_neg,-0.0038
smc_liquidity_sweep_reversal,New York,False,13336,3271,0.2453,0.238,0.2527,0.8504,-0.0087,-0.0504,-116.4749,2.6167,0.2765,0.0,121.4484,83,36.5589,6849,-0.0092,0.853,6487,-0.0082,0.8471,neg,high,366,-3.2067,0.0013,-0.0147,0.7658,0.0046,reliable_neg,-0.0007
smc_liquidity_sweep_reversal,London,False,14427,3647,0.2528,0.2458,0.2599,0.8448,-0.0073,-0.0417,-105.879,2.497,0.286,0.0,109.6697,55,39.5497,7278,-0.0055,0.884,7149,-0.0092,0.8051,neg,high,365,-4.6796,0.0,-0.0133,0.7423,0.0,reliable_neg,0.0007
classic_bollinger_mean_reversion,London,False,2845,968,0.3402,0.3231,0.3579,0.8337,-0.0114,-0.0723,-32.3219,1.6165,0.3822,0.0,37.2223,74,7.7992,1353,-0.0099,0.859,1492,-0.0127,0.8094,neg,high,313,-1.4389,0.1502,-0.0174,0.7597,0.271,hypothesis,-0.0034
range_fade_extremes,New York,False,8680,3819,0.44,0.4296,0.4504,0.8275,-0.0063,-0.0386,-54.5068,1.0533,0.487,0.0,56.2521,52,23.7951,4057,-0.0101,0.7478,4623,-0.003,0.911,neg,high,354,-3.4989,0.0005,-0.0123,0.6912,0.0018,reliable_neg,0.0017
range_fade_extremes,Asia,False,17582,7886,0.4485,0.4412,0.4559,0.8207,-0.0059,-0.0326,-103.6693,1.0091,0.4977,0.0,111.589,60,48.1987,8494,-0.0055,0.839,9088,-0.0063,0.8022,neg,high,360,-4.5068,0.0,-0.0119,0.6714,0.0,reliable_neg,0.0021
smc_liquidity_sweep_reversal,Asia,False,18933,4602,0.2431,0.237,0.2492,0.8195,-0.0092,-0.0443,-174.5509,2.5519,0.2815,0.0,175.1994,74,51.9023,9785,-0.0108,0.7946,9148,-0.0075,0.8479,neg,high,365,-5.4178,0.0,-0.0152,0.7263,0.0,reliable_neg,-0.0012
classic_ma_crossover_20_50,London-NY Overlap,False,231,67,0.29,0.2353,0.3516,0.8181,-0.0456,-0.2873,-10.5367,2.0025,0.3331,0.1846,24.3011,26,0.6333,117,-0.1115,0.6051,114,0.022,1.1007,mixed,high,132,-0.995,0.3198,-0.0516,0.7976,0.5039,hypothesis,-0.0376
smc_liquidity_sweep_reversal,London-NY Overlap,False,14884,4059,0.2727,0.2656,0.2799,0.8178,-0.0104,-0.0478,-154.2923,2.181,0.3144,0.0,162.9088,53,40.8025,7687,-0.0122,0.7928,7197,-0.0084,0.8466,neg,high,366,-5.2663,0.0,-0.0164,0.7328,0.0,reliable_neg,-0.0024
smc_equal_highs_lows_grab,Asia,False,5500,1368,0.2487,0.2375,0.2603,0.8165,-0.0074,-0.0355,-40.8439,2.4661,0.2885,0.0,45.4381,37,15.0775,2687,-0.0086,0.8003,2813,-0.0063,0.8338,neg,high,365,-4.6309,0.0,-0.0134,0.7014,0.0,reliable_neg,0.0006
smc_fvg_fill_entry,London,False,21579,4450,0.2062,0.2009,0.2117,0.8062,-0.0063,-0.0284,-135.098,3.1032,0.2437,0.0,143.006,61,59.156,10859,-0.0062,0.8088,10720,-0.0063,0.8036,neg,high,365,-5.051,0.0,-0.0123,0.6692,0.0,reliable_neg,0.0017
smc_equal_highs_lows_grab,London-NY Overlap,False,4029,1099,0.2728,0.2592,0.2867,0.7957,-0.0095,-0.0387,-38.3075,2.1214,0.3204,0.0,45.5616,40,11.045,2094,-0.0089,0.818,1935,-0.0101,0.7685,neg,high,363,-3.8736,0.0001,-0.0155,0.6953,0.0004,reliable_neg,-0.0015
ict_optimal_trade_entry_ote,London,False,223,73,0.3274,0.2691,0.3914,0.7955,-0.0179,-0.0666,-3.9861,1.6346,0.3796,0.1128,7.4573,12,0.6113,113,-0.0621,0.4354,110,0.0276,1.43,mixed,high,144,-0.9569,0.3386,-0.0239,0.7389,0.5039,hypothesis,-0.0099
smc_fvg_fill_entry,New York,False,19844,3839,0.1935,0.188,0.199,0.7927,-0.0082,-0.0338,-161.8459,3.3048,0.2323,0.0,176.4358,109,54.3997,9869,-0.0068,0.834,9975,-0.0095,0.748,neg,high,366,-4.9301,0.0,-0.0142,0.6796,0.0,reliable_neg,-0.0002
range_fade_extremes,London,False,12554,5714,0.4552,0.4465,0.4639,0.7884,-0.0068,-0.0302,-84.9366,0.9437,0.5145,0.0,88.6122,46,34.4151,6526,-0.0085,0.7467,6028,-0.0049,0.8386,neg,high,358,-5.1292,0.0,-0.0128,0.6377,0.0,reliable_neg,0.0012
smc_fvg_fill_entry,London-NY Overlap,False,17851,3688,0.2066,0.2007,0.2126,0.7861,-0.0076,-0.0302,-135.239,3.019,0.2488,0.0,139.722,83,48.9362,8910,-0.0054,0.8454,8941,-0.0097,0.7284,neg,high,365,-5.233,0.0,-0.0136,0.6622,0.0,reliable_neg,0.0004
classic_bollinger_mean_reversion,Asia,False,4044,1390,0.3437,0.3292,0.3585,0.7772,-0.0154,-0.0709,-62.2084,1.4839,0.4026,0.0,67.0132,69,11.0861,1728,-0.014,0.7967,2316,-0.0164,0.7628,neg,high,323,-2.7206,0.0065,-0.0214,0.707,0.0208,reliable_neg,-0.0074
classic_bollinger_mean_reversion,London-NY Overlap,False,2631,976,0.371,0.3527,0.3896,0.7743,-0.015,-0.0694,-39.4549,1.3129,0.4324,0.0,44.2717,51,7.2125,1220,-0.0204,0.7058,1411,-0.0103,0.8384,neg,high,328,-2.5882,0.0096,-0.021,0.7009,0.0297,reliable_neg,-0.007
smc_equal_highs_lows_grab,Off-hours,False,2469,572,0.2317,0.2155,0.2487,0.7726,-0.0094,-0.036,-23.0947,2.5622,0.2807,0.0,23.0947,30,6.7684,1167,-0.011,0.7612,1302,-0.0079,0.7855,neg,high,353,-3.3935,0.0007,-0.0154,0.6643,0.0025,reliable_neg,-0.0014
smc_equal_highs_lows_grab,New York,False,3046,696,0.2285,0.2139,0.2437,0.7638,-0.0106,-0.0396,-32.3379,2.579,0.2794,0.0,33.5415,35,8.3502,1427,-0.0149,0.7025,1619,-0.0069,0.8305,neg,high,362,-4.3292,0.0,-0.0166,0.6649,0.0001,reliable_neg,-0.0026
range_fade_extremes,Off-hours,False,6543,2867,0.4382,0.4262,0.4502,0.7604,-0.0081,-0.0351,-53.0558,0.975,0.5063,0.0,54.6794,46,17.9368,2797,-0.012,0.6757,3746,-0.0052,0.8346,neg,high,355,-4.4838,0.0,-0.0141,0.6209,0.0,reliable_neg,-0.0001
range_fade_extremes,London-NY Overlap,False,11277,4981,0.4417,0.4326,0.4509,0.7549,-0.0082,-0.0338,-91.9885,0.9542,0.5117,0.0,96.6686,60,30.9144,5485,-0.0108,0.6941,5792,-0.0056,0.8197,neg,high,358,-5.9794,0.0,-0.0142,0.6135,0.0,reliable_neg,-0.0002
classic_rsi_reversal_30_70,London,False,1356,403,0.2972,0.2735,0.3221,0.7545,-0.0358,-0.1498,-48.5746,1.7842,0.3592,0.0,62.3192,52,3.7173,745,-0.0234,0.8397,611,-0.0509,0.6502,neg,high,291,-2.1172,0.0342,-0.0418,0.7214,0.0836,hypothesis,-0.0278
smc_equal_highs_lows_grab,London,False,3950,962,0.2435,0.2304,0.2572,0.7513,-0.0096,-0.0351,-38.1144,2.3334,0.3,0.0,40.5173,40,10.8284,1931,-0.01,0.7529,2019,-0.0093,0.7495,neg,high,363,-5.8127,0.0,-0.0156,0.6388,0.0,reliable_neg,-0.0016
smc_fvg_fill_entry,Asia,False,28708,5558,0.1936,0.1891,0.1982,0.746,-0.0088,-0.0301,-253.6719,3.1072,0.2435,0.0,256.1649,84,78.6992,14250,-0.0087,0.7574,14458,-0.009,0.734,neg,high,365,-8.002,0.0,-0.0148,0.6256,0.0,reliable_neg,-0.0008
rtm_imbalance_rebalance,Off-hours,False,7316,1120,0.1531,0.145,0.1615,0.7438,-0.0071,-0.0262,-51.5892,4.1147,0.1955,0.0,54.7765,61,20.0559,3801,-0.0065,0.7748,3515,-0.0077,0.7067,neg,high,366,-5.1613,0.0,-0.0131,0.5997,0.0,reliable_neg,0.0009
rtm_imbalance_rebalance,New York,False,10978,1637,0.1491,0.1426,0.1559,0.7358,-0.008,-0.0283,-88.2455,4.1989,0.1924,0.0,95.2883,110,30.0947,5476,-0.0079,0.7523,5502,-0.0082,0.7177,neg,high,365,-6.5407,0.0,-0.014,0.605,0.0,reliable_neg,-0.0
rtm_imbalance_rebalance,London-NY Overlap,False,9199,1439,0.1564,0.1492,0.164,0.7355,-0.0073,-0.0259,-67.0428,3.9665,0.2013,0.0,69.1364,53,25.2179,4609,-0.0064,0.7695,4590,-0.0082,0.7014,neg,high,365,-6.4413,0.0,-0.0133,0.5926,0.0,reliable_neg,0.0007
rtm_imbalance_rebalance,London,False,11722,1840,0.157,0.1505,0.1637,0.7318,-0.0067,-0.0237,-78.9088,3.9304,0.2028,0.0,79.9725,81,32.1343,5871,-0.0071,0.7192,5851,-0.0063,0.7448,neg,high,365,-7.2346,0.0,-0.0127,0.5779,0.0,reliable_neg,0.0013
smc_fvg_fill_entry,Off-hours,False,14035,2678,0.1908,0.1844,0.1974,0.718,-0.0103,-0.0313,-144.8802,3.0447,0.2472,0.0,148.0791,59,38.4751,7107,-0.0125,0.6802,6928,-0.0081,0.7622,neg,high,366,-6.1296,0.0,-0.0163,0.6063,0.0,reliable_neg,-0.0023
rtm_imbalance_rebalance,Asia,False,16068,2427,0.151,0.1456,0.1567,0.7053,-0.008,-0.0252,-128.4712,3.9642,0.2014,0.0,131.9324,63,44.0483,8078,-0.0083,0.7083,7990,-0.0077,0.7019,neg,high,365,-8.268,0.0,-0.014,0.5657,0.0,reliable_neg,0.0
ict_optimal_trade_entry_ote,London-NY Overlap,False,191,51,0.267,0.2093,0.3339,0.5938,-0.0383,-0.0778,-7.3099,1.63,0.3802,0.0013,7.3099,13,0.5236,106,-0.0312,0.6613,85,-0.0471,0.5138,neg,high,129,-2.5435,0.011,-0.0443,0.5511,0.0325,reliable_neg,-0.0303
