strategy,session,selected,n,wins,wr,wr_lo,wr_hi,pf,exp,med,net,payoff,be,p,mdd,streak,tpd,n1,exp1,pf1,n2,exp2,pf2,stable,conf,q,verdict
classic_stochastic_cross,Off-hours,False,20402,7364,0.3609,0.3544,0.3676,1.0796,0.0118,-0.1503,241.7592,1.9115,0.3435,0.0,179.0106,217,55.9103,11227,0.0231,1.151,9175,-0.002,0.9862,mixed,high,0.0,hypothesis
classic_stochastic_cross,New York,True,29381,10406,0.3542,0.3487,0.3597,1.0184,0.0028,-0.1539,82.449,1.8571,0.35,0.134,220.2992,211,80.5166,15497,-0.005,0.9696,13884,0.0115,1.0823,mixed,high,0.134,hypothesis
smc_bos_continuation,London,False,20589,7010,0.3405,0.334,0.347,0.9595,-0.0082,-0.2005,-169.1891,1.8586,0.3498,0.0049,369.7682,127,56.4227,10324,-0.0263,0.8781,10265,0.0099,1.0522,mixed,high,0.005,hypothesis
classic_macd_signal_cross,Asia,True,29366,9763,0.3325,0.3271,0.3379,0.9486,-0.0077,-0.1548,-224.8172,1.9047,0.3443,0.0,315.1894,214,80.4755,15089,-0.0013,0.9919,14277,-0.0144,0.8984,neg,high,0.0,reliable_neg
smc_bos_continuation,London-NY Overlap,False,19897,6766,0.3401,0.3335,0.3467,0.9456,-0.0107,-0.196,-212.1265,1.8352,0.3527,0.0002,300.2861,169,54.5263,9747,-0.0104,0.9479,10150,-0.0109,0.9434,neg,high,0.0002,reliable_neg
smc_bos_continuation,Asia,True,24444,8202,0.3355,0.3296,0.3415,0.9396,-0.0126,-0.2056,-309.0473,1.8606,0.3496,0.0,357.4856,164,66.9871,12131,-0.0203,0.9095,12313,-0.0051,0.9739,neg,high,0.0,reliable_neg
classic_stochastic_cross,London,False,29460,9748,0.3309,0.3255,0.3363,0.9368,-0.0092,-0.1492,-272.2807,1.8944,0.3455,0.0,476.337,159,80.7331,15178,0.0087,1.0597,14282,-0.0283,0.8077,mixed,high,0.0,hypothesis
classic_macd_signal_cross,London-NY Overlap,False,17182,5691,0.3312,0.3242,0.3383,0.9263,-0.0105,-0.1477,-180.5376,1.8703,0.3484,0.0,349.2201,144,47.0861,8212,0.0165,1.1183,8970,-0.0352,0.7577,mixed,high,0.0,hypothesis
smc_bos_continuation,New York,False,22757,7492,0.3292,0.3231,0.3354,0.9182,-0.0173,-0.2152,-394.7433,1.8708,0.3483,0.0,458.3211,112,62.364,11844,-0.0133,0.9394,10913,-0.0218,0.8936,neg,high,0.0,reliable_neg
range_fade_extremes,New York,False,45941,19665,0.428,0.4235,0.4326,0.9054,-0.0035,-0.0395,-161.6537,1.2098,0.4525,0.0,161.9702,178,125.8981,21673,-0.0061,0.8504,24268,-0.0012,0.9651,neg,high,0.0,reliable_neg
classic_stochastic_cross,Asia,False,34782,11150,0.3206,0.3157,0.3255,0.9048,-0.0143,-0.1558,-497.706,1.9177,0.3427,0.0,641.8924,184,95.3176,17077,-0.0071,0.9538,17705,-0.0212,0.8549,neg,high,0.0,reliable_neg
pa_inside_bar_breakout,London-NY Overlap,True,14638,4978,0.3401,0.3324,0.3478,0.894,-0.0114,-0.0905,-167.4342,1.7349,0.3656,0.0,178.9413,100,40.1144,7859,-0.0008,0.9924,6779,-0.0238,0.7864,neg,high,0.0,reliable_neg
range_fade_extremes,Asia,False,86551,36933,0.4267,0.4234,0.43,0.8916,-0.0037,-0.0346,-320.7931,1.1978,0.455,0.0,341.3552,138,237.1869,40679,-0.0033,0.9083,45872,-0.0041,0.8751,neg,high,0.0,reliable_neg
classic_macd_signal_cross,London,False,18727,5996,0.3202,0.3135,0.3269,0.8911,-0.0165,-0.1513,-309.6175,1.8921,0.3458,0.0,320.382,122,51.32,9315,-0.0247,0.8489,9412,-0.0085,0.9397,neg,high,0.0,reliable_neg
classic_macd_signal_cross,New York,False,21415,6872,0.3209,0.3147,0.3272,0.8905,-0.0171,-0.1621,-365.9198,1.8845,0.3467,0.0,556.3804,135,58.6863,11194,-0.0047,0.9707,10221,-0.0307,0.7974,neg,high,0.0,reliable_neg
range_fade_extremes,London,False,61874,27484,0.4442,0.4403,0.4481,0.8901,-0.0036,-0.0323,-224.7537,1.1138,0.4731,0.0,259.6783,128,169.5614,31524,-0.0041,0.8802,30350,-0.0031,0.9013,neg,high,0.0,reliable_neg
range_fade_extremes,Off-hours,False,33706,14365,0.4262,0.4209,0.4315,0.8813,-0.0041,-0.0349,-136.6398,1.1866,0.4573,0.0,160.4742,147,92.3689,14449,-0.0063,0.8314,19257,-0.0024,0.9248,neg,high,0.0,reliable_neg
pa_inside_bar_breakout,Off-hours,False,12592,3884,0.3084,0.3004,0.3166,0.8714,-0.0139,-0.0919,-174.5947,1.9537,0.3386,0.0,200.0592,69,34.5075,6830,-0.0019,0.9827,5762,-0.0281,0.7418,neg,high,0.0,reliable_neg
smc_liquidity_sweep_reversal,Off-hours,False,33968,8924,0.2627,0.2581,0.2674,0.8686,-0.0082,-0.0499,-278.5536,2.4376,0.2909,0.0,284.2275,120,93.0869,17282,-0.0096,0.8612,16686,-0.0068,0.878,neg,high,0.0,reliable_neg
pa_inside_bar_breakout,Asia,True,24900,7766,0.3119,0.3062,0.3177,0.868,-0.0143,-0.0921,-356.8214,1.9151,0.343,0.0,408.3351,157,68.2367,12795,-0.011,0.9023,12105,-0.0178,0.8286,neg,high,0.0,reliable_neg
range_fade_extremes,London-NY Overlap,True,55980,24228,0.4328,0.4287,0.4369,0.868,-0.0045,-0.0348,-252.8115,1.1375,0.4678,0.0,267.6267,138,153.4093,27454,-0.0066,0.8202,28526,-0.0025,0.9208,neg,high,0.0,reliable_neg
smc_liquidity_sweep_reversal,Asia,False,76864,20517,0.2669,0.2638,0.2701,0.8659,-0.0083,-0.0514,-635.1952,2.3779,0.296,0.0,648.4762,140,210.6404,39082,-0.0108,0.8299,37782,-0.0056,0.9056,neg,high,0.0,reliable_neg
ict_london_killzone_breakout,London,True,56043,22499,0.4015,0.3974,0.4055,0.8656,-0.0134,-0.0805,-753.6033,1.2905,0.4366,0.0,867.0755,128,153.5819,28733,-0.0163,0.8398,27310,-0.0105,0.8936,neg,high,0.0,reliable_neg
pa_inside_bar_breakout,New York,False,19341,6787,0.3509,0.3442,0.3577,0.8635,-0.0165,-0.102,-318.9632,1.5973,0.385,0.0,363.9467,115,53.0027,9672,-0.0064,0.9489,9669,-0.0266,0.7709,neg,high,0.0,reliable_neg
smc_liquidity_sweep_reversal,London,True,59066,15716,0.2661,0.2625,0.2697,0.8623,-0.008,-0.0499,-474.6489,2.3784,0.296,0.0,486.915,107,161.8662,30350,-0.0057,0.9028,28716,-0.0106,0.8195,neg,high,0.0,reliable_neg
classic_stochastic_cross,London-NY Overlap,False,24761,8008,0.3234,0.3176,0.3293,0.8615,-0.021,-0.1523,-519.6483,1.8022,0.3569,0.0,625.4166,298,67.8558,13004,-0.0197,0.8722,11757,-0.0224,0.8491,neg,high,0.0,reliable_neg
classic_macd_signal_cross,Off-hours,False,12004,3927,0.3271,0.3188,0.3356,0.8602,-0.0207,-0.1493,-248.7041,1.7693,0.3611,0.0,277.1004,102,32.8961,5325,-0.0311,0.802,6679,-0.0125,0.9119,neg,high,0.0,reliable_neg
smc_equal_highs_lows_grab,London-NY Overlap,False,13988,4082,0.2918,0.2843,0.2994,0.8529,-0.0078,-0.045,-109.7336,2.0698,0.3258,0.0,124.3609,54,38.3331,7323,-0.0088,0.845,6665,-0.0068,0.8628,neg,high,0.0,reliable_neg
smc_liquidity_sweep_reversal,London-NY Overlap,True,60812,17351,0.2853,0.2817,0.2889,0.8526,-0.0096,-0.0554,-585.937,2.1357,0.3189,0.0,614.3193,127,166.651,31812,-0.0127,0.814,29000,-0.0063,0.8992,neg,high,0.0,reliable_neg
smc_fvg_fill_entry,London-NY Overlap,True,110949,25822,0.2327,0.2303,0.2352,0.8466,-0.0061,-0.0337,-673.3063,2.791,0.2638,0.0,699.7368,198,304.048,55173,-0.004,0.8986,55776,-0.0081,0.7951,neg,high,0.0,reliable_neg
smc_liquidity_sweep_reversal,New York,False,55141,13981,0.2535,0.2499,0.2572,0.8412,-0.0109,-0.0577,-598.7135,2.4766,0.2876,0.0,617.8543,179,151.11,28859,-0.0116,0.8403,26282,-0.01,0.8424,neg,high,0.0,reliable_neg
smc_equal_highs_lows_grab,Asia,True,18532,4934,0.2662,0.2599,0.2727,0.8372,-0.0079,-0.0425,-146.771,2.3073,0.3024,0.0,161.3039,61,50.7856,9275,-0.0104,0.7972,9257,-0.0054,0.8822,neg,high,0.0,reliable_neg
smc_fvg_fill_entry,New York,False,120262,26733,0.2223,0.2199,0.2246,0.8363,-0.0071,-0.0374,-857.6504,2.9259,0.2547,0.0,907.5362,189,329.5696,59251,-0.0059,0.8705,61011,-0.0083,0.7998,neg,high,0.0,reliable_neg
smc_bos_continuation,Off-hours,False,18699,5910,0.3161,0.3094,0.3228,0.8328,-0.0371,-0.2185,-694.5934,1.8021,0.3569,0.0,735.9468,137,51.2433,9843,-0.0643,0.7403,8856,-0.0069,0.9641,neg,high,0.0,reliable_neg
smc_fvg_fill_entry,Asia,False,174864,41111,0.2351,0.2331,0.2371,0.8284,-0.0068,-0.0337,-1182.9567,2.6951,0.2706,0.0,1193.2372,160,479.2025,84951,-0.0066,0.8391,89913,-0.0069,0.8174,neg,high,0.0,reliable_neg
smc_fvg_fill_entry,London,False,131048,30327,0.2314,0.2291,0.2337,0.825,-0.0066,-0.0324,-863.1266,2.7398,0.2674,0.0,870.4153,157,359.1279,66024,-0.0062,0.8354,65024,-0.0069,0.8142,neg,high,0.0,reliable_neg
smc_equal_highs_lows_grab,Off-hours,True,8052,2007,0.2493,0.2399,0.2588,0.8195,-0.0086,-0.0416,-69.3005,2.4682,0.2883,0.0,73.9637,43,22.0659,3943,-0.01,0.8084,4109,-0.0072,0.8323,neg,high,0.0,reliable_neg
smc_equal_highs_lows_grab,London,True,13580,3608,0.2657,0.2583,0.2732,0.8169,-0.0086,-0.0417,-116.2791,2.2578,0.307,0.0,118.1566,48,37.215,6862,-0.0082,0.83,6718,-0.0089,0.8026,neg,high,0.0,reliable_neg
smc_equal_highs_lows_grab,New York,False,10868,2655,0.2443,0.2363,0.2525,0.7963,-0.0108,-0.0466,-117.6682,2.4633,0.2887,0.0,122.4867,45,29.783,5221,-0.0141,0.7548,5647,-0.0078,0.8416,neg,high,0.0,reliable_neg
pa_inside_bar_breakout,London,False,18335,5436,0.2965,0.2899,0.3031,0.7858,-0.0235,-0.0916,-430.2438,1.8647,0.3491,0.0,433.7828,108,50.2458,9303,-0.0306,0.7284,9032,-0.0161,0.8486,neg,high,0.0,reliable_neg
smc_fvg_fill_entry,Off-hours,False,87382,19742,0.2259,0.2232,0.2287,0.7793,-0.009,-0.0346,-788.7856,2.67,0.2725,0.0,795.7811,236,239.4642,43162,-0.0101,0.7707,44220,-0.008,0.789,neg,high,0.0,reliable_neg
