strategy,session,n,wins,wr,wr_lo,wr_hi,pf,exp,med,net,payoff,be,p,mdd,streak,tpd,n1,exp1,pf1,n2,exp2,pf2,stable,conf,q,verdict
classic_stochastic_cross,New York,13805,5066,0.367,0.359,0.375,1.0808,0.0113,-0.136,155.9944,1.8644,0.3491,0.0,162.7343,114,76.7566,7012,0.0152,1.1055,6793,0.0073,1.0538,pos,high,0.0,reliable_pos
smc_bos_continuation,Asia,12192,4139,0.3395,0.3311,0.3479,0.982,-0.0035,-0.1885,-42.5582,1.9105,0.3436,0.3452,180.5202,113,67.7883,6156,0.0074,1.0376,6036,-0.0146,0.9228,mixed,high,0.3452,hypothesis
range_fade_extremes,London-NY Overlap,28577,12912,0.4518,0.4461,0.4576,0.9223,-0.0025,-0.0296,-70.7226,1.1189,0.4719,0.0,87.9245,92,158.8898,14787,-0.0033,0.9,13790,-0.0016,0.9485,neg,high,0.0,reliable_neg
smc_liquidity_sweep_reversal,London-NY Overlap,23717,7123,0.3003,0.2945,0.3062,0.9142,-0.0054,-0.054,-128.4636,2.1297,0.3195,0.0,165.3149,87,131.8679,11846,-0.004,0.9372,11871,-0.0068,0.8905,neg,high,0.0,reliable_neg
classic_macd_signal_cross,Asia,14133,4678,0.331,0.3233,0.3388,0.9027,-0.0138,-0.1407,-195.1089,1.8245,0.354,0.0,315.2021,128,78.5803,6945,0.0009,1.006,7188,-0.028,0.7987,mixed,high,0.0,hypothesis
ict_london_killzone_breakout,London,27417,11047,0.4029,0.3971,0.4087,0.8937,-0.0105,-0.0768,-286.8748,1.3243,0.4302,0.0,371.64,129,152.4402,13431,-0.0191,0.8219,13986,-0.0021,0.9761,neg,high,0.0,reliable_neg
smc_equal_highs_lows_grab,Asia,8720,2475,0.2838,0.2745,0.2934,0.8811,-0.0055,-0.0399,-48.0779,2.2232,0.3102,0.0,61.1367,35,48.4837,3977,-0.0091,0.8138,4743,-0.0025,0.9429,neg,high,0.0,reliable_neg
smc_equal_highs_lows_grab,Off-hours,4098,1045,0.255,0.2419,0.2686,0.8307,-0.0073,-0.0384,-29.9771,2.427,0.2918,0.0,33.0927,42,22.7851,2059,-0.007,0.8422,2039,-0.0077,0.8186,neg,high,0.0,reliable_neg
pa_inside_bar_breakout,Asia,11604,3574,0.308,0.2997,0.3165,0.8208,-0.0187,-0.0884,-216.834,1.8442,0.3516,0.0,237.7073,156,64.5189,6019,-0.017,0.8407,5585,-0.0205,0.7984,neg,high,0.0,reliable_neg
smc_liquidity_sweep_reversal,London,28300,7326,0.2589,0.2538,0.264,0.8146,-0.0108,-0.0489,-307.0234,2.3323,0.3001,0.0,308.1828,88,157.3497,14246,-0.0104,0.8257,14054,-0.0113,0.803,neg,high,0.0,reliable_neg
smc_equal_highs_lows_grab,London,6053,1596,0.2637,0.2527,0.2749,0.8031,-0.009,-0.0404,-54.7726,2.2428,0.3084,0.0,55.0232,36,33.655,2952,-0.0109,0.7656,3101,-0.0073,0.8397,neg,high,0.0,reliable_neg
smc_fvg_fill_entry,London-NY Overlap,55890,13086,0.2341,0.2306,0.2377,0.7966,-0.008,-0.0332,-449.1448,2.6056,0.2773,0.0,453.8285,126,310.7518,28099,-0.0072,0.821,27791,-0.0089,0.7708,neg,high,0.0,reliable_neg
pa_inside_bar_breakout,London-NY Overlap,6072,1920,0.3162,0.3046,0.328,0.7723,-0.0259,-0.0912,-157.0681,1.6702,0.3745,0.0,167.6595,46,33.7607,2737,-0.021,0.8156,3335,-0.0299,0.7367,neg,high,0.0,reliable_neg
