strategy,n,wins,wr,wr_lo,wr_hi,pf,exp,med,net,payoff,be,p,mdd,streak,tpd,n1,exp1,pf1,n2,exp2,pf2,stable,conf,q,verdict
classic_stochastic_cross,29381,10406,0.3542,0.3487,0.3597,1.0184,0.0028,-0.1539,82.449,1.8571,0.35,0.134,220.2992,211,80.5166,15497,-0.005,0.9696,13884,0.0115,1.0823,mixed,high,0.134,hypothesis
classic_macd_signal_cross,29366,9763,0.3325,0.3271,0.3379,0.9486,-0.0077,-0.1548,-224.8172,1.9047,0.3443,0.0,315.1894,214,80.4755,15089,-0.0013,0.9919,14277,-0.0144,0.8984,neg,high,0.0,reliable_neg
smc_bos_continuation,24444,8202,0.3355,0.3296,0.3415,0.9396,-0.0126,-0.2056,-309.0473,1.8606,0.3496,0.0,357.4856,164,66.9871,12131,-0.0203,0.9095,12313,-0.0051,0.9739,neg,high,0.0,reliable_neg
pa_inside_bar_breakout,39538,12744,0.3223,0.3177,0.3269,0.8776,-0.0133,-0.0916,-524.2556,1.8451,0.3515,0.0,559.466,144,108.3511,20654,-0.0071,0.935,18884,-0.0199,0.8128,neg,high,0.0,reliable_neg
range_fade_extremes,55980,24228,0.4328,0.4287,0.4369,0.868,-0.0045,-0.0348,-252.8115,1.1375,0.4678,0.0,267.6267,138,153.4093,27454,-0.0066,0.8202,28526,-0.0025,0.9208,neg,high,0.0,reliable_neg
ict_london_killzone_breakout,56043,22499,0.4015,0.3974,0.4055,0.8656,-0.0134,-0.0805,-753.6033,1.2905,0.4366,0.0,867.0755,128,153.5819,28733,-0.0163,0.8398,27310,-0.0105,0.8936,neg,high,0.0,reliable_neg
smc_liquidity_sweep_reversal,119878,33067,0.2758,0.2733,0.2784,0.8571,-0.0088,-0.0523,-1060.5859,2.2501,0.3077,0.0,1071.2733,110,328.5173,62162,-0.0093,0.8539,57716,-0.0084,0.8608,neg,high,0.0,reliable_neg
smc_fvg_fill_entry,110949,25822,0.2327,0.2303,0.2352,0.8466,-0.0061,-0.0337,-673.3063,2.791,0.2638,0.0,699.7368,198,304.048,55173,-0.004,0.8986,55776,-0.0081,0.7951,neg,high,0.0,reliable_neg
smc_equal_highs_lows_grab,40164,10549,0.2626,0.2584,0.267,0.8269,-0.0083,-0.042,-332.3506,2.3215,0.3011,0.0,334.9841,73,110.0666,20080,-0.0096,0.8102,20084,-0.007,0.8457,neg,high,0.0,reliable_neg
