symbol,n,wins,wr,wr_lo,wr_hi,pf,exp,med,net,payoff,be,p,mdd,streak,tpd,n1,exp1,pf1,n2,exp2,pf2,stable,conf,q,verdict
GTC/USDT,2036,763,0.3748,0.354,0.396,1.0651,0.0069,-0.043,14.0253,1.777,0.3601,0.1732,11.3855,17,5.5795,880,0.0016,1.0144,1156,0.0109,1.1062,pos,high,0.2104,hypothesis
BICO/USDT,2599,844,0.3247,0.307,0.343,1.0312,0.0033,-0.0608,8.6373,2.1443,0.318,0.4611,15.4129,16,7.1224,1323,-0.0075,0.9067,1276,0.0146,1.1092,mixed,high,0.5028,hypothesis
JTO/USDT,2733,851,0.3114,0.2943,0.329,1.0197,0.0019,-0.0601,5.1967,2.255,0.3072,0.6335,18.9277,17,7.4896,1392,0.0075,1.0876,1341,-0.0039,0.964,mixed,high,0.6644,hypothesis
TAO/USDT,2935,891,0.3036,0.2872,0.3205,1.0057,0.0005,-0.0537,1.3975,2.3072,0.3024,0.8881,23.4296,26,8.0432,1393,0.017,1.1817,1542,-0.0145,0.8028,mixed,high,0.9031,hypothesis
FIL/USDT,2891,895,0.3096,0.293,0.3267,0.9997,-0.0,-0.0491,-0.0664,2.2295,0.3096,1.0,19.1861,19,7.9226,1481,0.0046,1.0578,1410,-0.0049,0.9329,mixed,high,1.0,hypothesis
ZK/USDT,2837,853,0.3007,0.2841,0.3178,0.9992,-0.0001,-0.0559,-0.2106,2.324,0.3008,1.0,22.9206,19,7.7746,1431,0.0033,1.0323,1406,-0.0035,0.9546,mixed,high,1.0,hypothesis
BEAMX/USDT,3145,1000,0.318,0.3019,0.3345,0.9946,-0.0004,-0.0443,-1.1689,2.1334,0.3191,0.8935,10.7657,18,8.6187,1580,-0.0,0.9997,1565,-0.0007,0.9887,neg,high,0.9035,hypothesis
DIA/USDT,3117,1021,0.3276,0.3113,0.3442,0.9906,-0.0007,-0.0432,-2.0474,2.0337,0.3296,0.8192,7.9748,17,8.5419,1641,-0.0001,0.998,1476,-0.0012,0.9826,neg,high,0.8377,hypothesis
SYN/USDT,2719,854,0.3141,0.2969,0.3318,0.9855,-0.0018,-0.0597,-4.9626,2.1521,0.3172,0.7417,19.6099,16,7.4512,1413,-0.0053,0.9431,1306,0.0019,1.0118,mixed,high,0.7627,hypothesis
BIGTIME/USDT,3043,981,0.3224,0.306,0.3392,0.9837,-0.0012,-0.046,-3.5124,2.0677,0.326,0.6847,14.2676,26,8.3391,1628,-0.0056,0.9257,1415,0.0039,1.0589,mixed,high,0.7082,hypothesis
NOT/USDT,2512,764,0.3041,0.2865,0.3224,0.9816,-0.0016,-0.0562,-3.9074,2.2458,0.3081,0.6814,12.9825,17,6.884,1300,-0.0052,0.9369,1212,0.0023,1.0267,mixed,high,0.7082,hypothesis
THETA/USDT,2427,791,0.3259,0.3076,0.3448,0.9787,-0.0017,-0.0505,-4.1225,2.0242,0.3307,0.6351,11.8866,26,6.651,1151,-0.0069,0.9246,1276,0.003,1.0429,mixed,high,0.6644,hypothesis
RENDER/USDT,2945,933,0.3168,0.3003,0.3338,0.978,-0.0018,-0.0499,-5.2082,2.1089,0.3217,0.5808,18.6302,17,8.0706,1468,0.0037,1.0407,1477,-0.0072,0.8951,mixed,high,0.6184,hypothesis
MINA/USDT,2771,889,0.3208,0.3037,0.3384,0.9779,-0.0018,-0.0499,-5.0467,2.0701,0.3257,0.5982,16.6514,18,7.5937,1473,-0.0009,0.9889,1298,-0.0028,0.9646,neg,high,0.6332,hypothesis
AXS/USDT,2919,921,0.3155,0.2989,0.3326,0.9745,-0.0021,-0.0466,-5.9865,2.1141,0.3211,0.5259,20.4983,19,7.9993,1483,0.0029,1.0304,1436,-0.0071,0.8916,mixed,high,0.5633,hypothesis
CKB/USDT,2921,947,0.3242,0.3075,0.3414,0.9708,-0.0019,-0.041,-5.5671,2.0237,0.3307,0.4669,7.356,13,8.0048,1495,-0.004,0.9434,1426,0.0003,1.0051,mixed,high,0.506,hypothesis
WLD/USDT,2889,833,0.2883,0.2721,0.3051,0.9703,-0.0027,-0.0598,-7.8701,2.3948,0.2946,0.4751,19.5136,16,7.9171,1453,-0.0088,0.8952,1436,0.0034,1.0342,mixed,high,0.5118,hypothesis
FLOKI/USDT,3044,961,0.3157,0.2994,0.3324,0.9667,-0.0023,-0.0446,-6.9103,2.0954,0.3231,0.3939,14.7958,16,8.3419,1569,-0.0054,0.9281,1475,0.001,1.0166,mixed,high,0.432,hypothesis
AGLD/USDT,2648,919,0.3471,0.3292,0.3654,0.9655,-0.0029,-0.0544,-7.5735,1.8166,0.355,0.3938,17.1129,21,7.2567,1188,0.0038,1.0422,1460,-0.0083,0.8929,mixed,high,0.432,hypothesis
BLUR/USDT,3134,981,0.313,0.297,0.3295,0.964,-0.0027,-0.0449,-8.3689,2.1156,0.321,0.3485,16.1824,17,8.5885,1644,-0.0046,0.9381,1490,-0.0005,0.9927,neg,high,0.387,hypothesis
RAY/USDT,2889,957,0.3313,0.3143,0.3486,0.9615,-0.003,-0.0467,-8.78,1.941,0.34,0.3262,17.0558,15,7.9171,1452,-0.0072,0.915,1437,0.0011,1.0153,mixed,high,0.3645,hypothesis
LQTY/USDT,2539,886,0.349,0.3307,0.3677,0.9592,-0.003,-0.0506,-7.5468,1.7896,0.3585,0.3207,13.9442,14,6.958,1289,-0.0021,0.973,1250,-0.0038,0.9426,neg,high,0.3605,hypothesis
PEOPLE/USDT,2913,929,0.3189,0.3022,0.3361,0.9588,-0.0032,-0.0497,-9.3875,2.0477,0.3281,0.2957,15.3321,18,7.9829,1479,-0.0049,0.9382,1434,-0.0015,0.9809,neg,high,0.3345,hypothesis
IMX/USDT,2722,894,0.3284,0.311,0.3463,0.9563,-0.0034,-0.0503,-9.338,1.9554,0.3384,0.283,14.8233,17,7.4595,1256,-0.0097,0.8938,1466,0.002,1.0292,mixed,high,0.3222,hypothesis
RLC/USDT,2991,1022,0.3417,0.3249,0.3589,0.9558,-0.0029,-0.0422,-8.765,1.8415,0.3519,0.243,20.4664,17,8.1966,1470,-0.0041,0.9409,1521,-0.0018,0.9716,neg,high,0.2837,hypothesis
CETUS/USDT,2884,917,0.318,0.3012,0.3352,0.9547,-0.0036,-0.0506,-10.5244,2.048,0.3281,0.2501,14.6618,16,7.9034,1391,-0.0047,0.9464,1493,-0.0027,0.964,neg,high,0.2902,hypothesis
CFX/USDT,3105,987,0.3179,0.3017,0.3345,0.9547,-0.003,-0.0434,-9.2058,2.0487,0.328,0.236,14.7414,13,8.509,1517,-0.0059,0.9197,1588,-0.0002,0.9965,neg,high,0.2792,hypothesis
GMT/USDT,2905,886,0.305,0.2885,0.322,0.9532,-0.0034,-0.048,-9.7575,2.172,0.3153,0.2388,18.5436,16,7.9609,1569,-0.0014,0.9804,1336,-0.0056,0.9193,neg,high,0.2807,hypothesis
BB/USDT,2578,817,0.3169,0.2992,0.3351,0.9526,-0.0047,-0.0645,-12.0195,2.0532,0.3275,0.2572,20.8309,15,7.0648,1335,-0.0088,0.9112,1243,-0.0002,0.9979,neg,high,0.2965,hypothesis
SAND/USDT,2993,927,0.3097,0.2934,0.3265,0.9522,-0.0033,-0.0426,-9.8637,2.1222,0.3203,0.2173,11.7851,21,8.2021,1460,-0.0027,0.9632,1533,-0.0039,0.9405,neg,high,0.2587,hypothesis
W/USDT,2377,720,0.3029,0.2848,0.3217,0.9516,-0.0043,-0.0566,-10.2192,2.19,0.3135,0.2691,17.5968,19,6.514,1179,-0.0076,0.9169,1198,-0.0011,0.9878,neg,high,0.3083,hypothesis
ERA/USDT,2787,876,0.3143,0.2973,0.3318,0.9472,-0.0043,-0.0474,-11.8869,2.0664,0.3261,0.1891,13.6667,23,7.6376,1476,-0.0022,0.9722,1311,-0.0066,0.9193,neg,high,0.2267,hypothesis
SAGA/USDT,2655,776,0.2923,0.2753,0.3099,0.9445,-0.0061,-0.064,-16.1257,2.2871,0.3042,0.184,28.1818,17,7.2758,1317,-0.0093,0.9099,1338,-0.0029,0.9752,neg,high,0.222,hypothesis
ZEC/USDT,2820,827,0.2933,0.2767,0.3103,0.9438,-0.0066,-0.0676,-18.5941,2.2744,0.3054,0.1645,26.1307,23,7.728,1373,-0.007,0.9497,1447,-0.0062,0.9356,neg,high,0.2012,hypothesis
TIA/USDT,2980,917,0.3077,0.2914,0.3245,0.9421,-0.0048,-0.0529,-14.262,2.1194,0.3206,0.1358,19.6715,19,8.1665,1519,-0.0096,0.8866,1461,0.0002,1.0027,mixed,high,0.1695,hypothesis
ORDI/USDT,3003,864,0.2877,0.2718,0.3042,0.9418,-0.0052,-0.0546,-15.7126,2.3317,0.3002,0.1407,22.6914,18,8.2295,1578,-0.0051,0.939,1425,-0.0053,0.9445,neg,high,0.1744,hypothesis
RSR/USDT,3016,922,0.3057,0.2895,0.3224,0.9412,-0.0045,-0.0492,-13.5592,2.1377,0.3187,0.1275,19.9924,17,8.2651,1534,-0.0052,0.9386,1482,-0.0037,0.9447,neg,high,0.1603,hypothesis
AVNT/USDT,2918,878,0.3009,0.2845,0.3178,0.9398,-0.0057,-0.0573,-16.612,2.1837,0.3141,0.1247,19.6079,15,7.9966,1471,-0.0038,0.9639,1447,-0.0076,0.9087,neg,high,0.1578,hypothesis
ALGO/USDT,2833,914,0.3226,0.3057,0.3401,0.9379,-0.0044,-0.0475,-12.4005,1.9692,0.3368,0.1118,17.051,19,7.7636,1477,-0.0061,0.9137,1356,-0.0025,0.9647,neg,high,0.1446,hypothesis
JOE/USDT,2597,876,0.3373,0.3194,0.3557,0.9378,-0.0047,-0.0506,-12.1728,1.8424,0.3518,0.1233,19.2818,17,7.1169,1403,-0.007,0.9141,1194,-0.002,0.9706,neg,high,0.1572,hypothesis
ZRO/USDT,2737,807,0.2948,0.2781,0.3122,0.9357,-0.006,-0.0599,-16.3641,2.2379,0.3088,0.1159,21.0325,27,7.5006,1379,-0.0038,0.958,1358,-0.0082,0.9143,neg,high,0.1488,hypothesis
ILV/USDT,2598,842,0.3241,0.3064,0.3423,0.9348,-0.005,-0.0531,-12.9827,1.9495,0.339,0.1106,20.8391,20,7.1196,1364,-0.0007,0.991,1234,-0.0097,0.8659,neg,high,0.144,hypothesis
STG/USDT,2807,846,0.3014,0.2847,0.3186,0.9343,-0.0065,-0.0518,-18.1309,2.1657,0.3159,0.1001,23.4282,22,7.6924,1484,-0.0096,0.8883,1323,-0.0029,0.9738,neg,high,0.1313,hypothesis
ADA/USDT,3033,949,0.3129,0.2966,0.3296,0.934,-0.0042,-0.0428,-12.861,2.051,0.3278,0.0817,16.2809,27,8.3117,1572,-0.0029,0.9565,1461,-0.0057,0.9075,neg,high,0.1112,hypothesis
ICP/USDT,2993,904,0.302,0.2859,0.3187,0.9314,-0.0055,-0.0496,-16.6041,2.1522,0.3172,0.0771,22.6165,15,8.2021,1480,-0.0093,0.9,1513,-0.0019,0.9726,neg,high,0.1058,hypothesis
IOTA/USDT,2715,876,0.3227,0.3053,0.3405,0.931,-0.005,-0.0519,-13.6693,1.9544,0.3385,0.0847,16.571,19,7.4403,1485,-0.0072,0.9004,1230,-0.0024,0.9671,neg,high,0.1145,hypothesis
CELO/USDT,3036,929,0.306,0.2899,0.3226,0.9308,-0.0052,-0.0471,-15.7827,2.1111,0.3214,0.0707,21.8371,18,8.3199,1441,0.0015,1.0185,1595,-0.0113,0.8377,mixed,high,0.0977,hypothesis
DYM/USDT,2550,767,0.3008,0.2833,0.3189,0.9307,-0.0066,-0.056,-16.7768,2.1635,0.3161,0.0967,27.2138,22,6.9881,1294,-0.0039,0.9599,1256,-0.0094,0.8993,neg,high,0.1283,hypothesis
APE/USDT,2908,903,0.3105,0.294,0.3276,0.9293,-0.0054,-0.0494,-15.8066,2.0634,0.3264,0.0689,27.3079,18,7.9692,1542,-0.0109,0.8577,1366,0.0007,1.0088,mixed,high,0.0963,hypothesis
MOVR/USDT,2878,877,0.3047,0.2882,0.3218,0.9285,-0.0069,-0.0542,-19.9522,2.1185,0.3207,0.0692,27.7643,24,7.887,1591,-0.0033,0.9572,1287,-0.0114,0.9055,neg,high,0.0963,hypothesis
ARKM/USDT,2369,746,0.3149,0.2965,0.3339,0.9281,-0.007,-0.0591,-16.5601,2.0192,0.3312,0.0928,21.4804,21,6.4921,978,-0.0123,0.8952,1391,-0.0033,0.9608,neg,high,0.1245,hypothesis
PROM/USDT,2765,809,0.2926,0.2759,0.3098,0.9262,-0.0079,-0.0596,-21.8538,2.2394,0.3087,0.067,34.5571,22,7.5773,1437,-0.0079,0.9061,1328,-0.0079,0.9401,neg,high,0.0947,hypothesis
DOGE/USDT,3335,1041,0.3121,0.2966,0.3281,0.9254,-0.004,-0.0356,-13.2687,2.0392,0.329,0.039,18.7742,18,9.1393,1708,-0.003,0.9482,1627,-0.005,0.8962,neg,high,0.0593,hypothesis
PEPE/USDT,2127,667,0.3136,0.2942,0.3336,0.9253,-0.007,-0.0697,-14.9188,2.0254,0.3305,0.0971,20.6196,21,5.8289,1179,0.0007,1.0075,948,-0.0166,0.8276,mixed,high,0.1283,hypothesis
POLYX/USDT,2575,897,0.3483,0.3302,0.367,0.924,-0.0056,-0.046,-14.3151,1.7285,0.3665,0.0572,19.8703,17,7.0566,1358,-0.0058,0.9253,1217,-0.0052,0.9223,neg,high,0.0815,hypothesis
YGG/USDT,3088,942,0.3051,0.2891,0.3215,0.9237,-0.0058,-0.0497,-18.0455,2.1043,0.3221,0.0432,20.5434,19,8.4624,1475,-0.0067,0.9216,1613,-0.005,0.9261,neg,high,0.063,hypothesis
NEO/USDT,3245,1039,0.3202,0.3044,0.3364,0.9234,-0.0043,-0.0365,-13.936,1.9606,0.3378,0.0344,18.9953,19,8.8927,1629,-0.0023,0.9618,1616,-0.0063,0.8771,neg,high,0.0538,hypothesis
GRT/USDT,3089,947,0.3066,0.2906,0.3231,0.9211,-0.0053,-0.0424,-16.2529,2.0835,0.3243,0.0362,20.1131,17,8.4652,1587,-0.0061,0.9132,1502,-0.0044,0.9305,neg,high,0.056,hypothesis
S/USDT,2959,900,0.3042,0.2878,0.321,0.9209,-0.0062,-0.0516,-18.4381,2.1068,0.3219,0.0389,21.9813,20,8.1089,1500,-0.0055,0.9325,1459,-0.007,0.9082,neg,high,0.0593,hypothesis
SUSHI/USDT,3083,948,0.3075,0.2915,0.324,0.9208,-0.0055,-0.0455,-16.9246,2.0739,0.3253,0.0345,18.6053,28,8.4487,1614,-0.0067,0.9055,1469,-0.0041,0.9386,neg,high,0.0538,hypothesis
INJ/USDT,2931,868,0.2961,0.2799,0.3129,0.92,-0.0067,-0.0512,-19.6114,2.1866,0.3138,0.0403,22.232,24,8.0322,1491,-0.0088,0.8908,1440,-0.0045,0.9484,neg,high,0.0604,hypothesis
PORTAL/USDT,2579,774,0.3001,0.2827,0.3181,0.9196,-0.0093,-0.065,-24.0854,2.1445,0.318,0.0518,33.8165,24,7.0676,1287,-0.0061,0.9407,1292,-0.0125,0.9026,neg,high,0.0744,hypothesis
PYTH/USDT,2730,838,0.307,0.2899,0.3245,0.9194,-0.007,-0.0557,-19.1835,2.0757,0.3251,0.0431,22.4207,19,7.4814,1378,-0.0134,0.8459,1352,-0.0006,0.9934,neg,high,0.063,hypothesis
MTL/USDT,2430,962,0.3959,0.3766,0.4155,0.919,-0.0052,-0.0449,-12.7167,1.4024,0.4163,0.0417,26.307,14,6.6592,1305,-0.0152,0.7841,1125,0.0063,1.1088,mixed,high,0.0618,hypothesis
GALA/USDT,2562,777,0.3033,0.2858,0.3214,0.9155,-0.0069,-0.0567,-17.6893,2.1031,0.3223,0.0403,25.6308,20,7.021,1307,-0.0058,0.9309,1255,-0.0081,0.8985,neg,high,0.0604,hypothesis
LUNC/USDT,3121,977,0.313,0.297,0.3295,0.9154,-0.0067,-0.046,-20.8457,2.0087,0.3324,0.0226,22.5222,22,8.5529,1583,-0.0075,0.9119,1538,-0.0058,0.9196,neg,high,0.0382,reliable_neg
1000SATS/USDT,2851,865,0.3034,0.2868,0.3205,0.9145,-0.0068,-0.0515,-19.2958,2.0996,0.3226,0.029,27.8767,23,7.813,1461,-0.0071,0.9105,1390,-0.0064,0.9187,neg,high,0.0468,reliable_neg
BAND/USDT,2565,864,0.3368,0.3188,0.3554,0.9144,-0.0062,-0.0451,-15.8279,1.8002,0.3571,0.0321,16.5638,13,7.0292,1249,-0.0109,0.8662,1316,-0.0017,0.9735,neg,high,0.051,hypothesis
SLP/USDT,2665,863,0.3238,0.3063,0.3418,0.9144,-0.0063,-0.0464,-16.6829,1.9092,0.3437,0.0306,18.4265,19,7.3032,1357,-0.0031,0.962,1308,-0.0095,0.8495,neg,high,0.0491,reliable_neg
NEWT/USDT,2668,878,0.3291,0.3115,0.3472,0.9128,-0.0067,-0.0498,-17.8089,1.861,0.3495,0.0269,26.9493,16,7.3115,1403,0.0017,1.0221,1265,-0.016,0.7828,mixed,high,0.0443,hypothesis
ETHFI/USDT,2687,809,0.3011,0.284,0.3187,0.9103,-0.0078,-0.0594,-21.0055,2.1131,0.3212,0.0257,25.4579,15,7.3635,1409,-0.0099,0.8801,1278,-0.0055,0.9404,neg,high,0.0426,reliable_neg
RPL/USDT,2351,827,0.3518,0.3327,0.3713,0.9095,-0.0078,-0.0499,-18.4421,1.6761,0.3737,0.0281,18.6973,19,6.4428,1210,-0.0076,0.9206,1141,-0.0081,0.895,neg,high,0.0459,reliable_neg
JUP/USDT,2947,921,0.3125,0.296,0.3295,0.9093,-0.0073,-0.0519,-21.6349,2.0003,0.3333,0.0171,22.3819,17,8.076,1528,-0.0101,0.8756,1419,-0.0044,0.9456,neg,high,0.0295,reliable_neg
EGLD/USDT,2658,867,0.3262,0.3086,0.3442,0.9077,-0.007,-0.051,-18.6165,1.875,0.3478,0.0192,26.274,18,7.2841,1399,-0.0081,0.8925,1259,-0.0058,0.9243,neg,high,0.0328,reliable_neg
ENS/USDT,2706,891,0.3293,0.3118,0.3472,0.9068,-0.0064,-0.0448,-17.1868,1.8472,0.3512,0.0166,17.5759,19,7.4156,1404,-0.0064,0.9068,1302,-0.0063,0.9068,neg,high,0.0291,reliable_neg
HBAR/USDT,3145,977,0.3107,0.2947,0.327,0.9061,-0.0054,-0.0378,-17.0415,2.0108,0.3321,0.0106,23.8794,19,8.6187,1611,-0.0069,0.8941,1534,-0.0039,0.9224,neg,high,0.0206,reliable_neg
DOGS/USDT,2533,769,0.3036,0.286,0.3218,0.9061,-0.0092,-0.0632,-23.3977,2.0784,0.3248,0.0232,23.6421,22,6.9415,1152,-0.0166,0.8471,1381,-0.0031,0.9656,neg,high,0.0389,reliable_neg
ENA/USDT,2822,828,0.2934,0.2769,0.3105,0.906,-0.0089,-0.061,-25.1283,2.1818,0.3143,0.0167,27.9766,23,7.7335,1490,-0.0029,0.9679,1332,-0.0156,0.8441,neg,high,0.0291,reliable_neg
LDO/USDT,3023,934,0.309,0.2927,0.3257,0.9051,-0.0074,-0.0496,-22.5206,2.0243,0.3307,0.0113,27.4854,21,8.2843,1607,-0.0129,0.8334,1416,-0.0012,0.9844,neg,high,0.0211,reliable_neg
FLOW/USDT,2777,856,0.3082,0.2913,0.3257,0.9043,-0.0077,-0.0479,-21.4572,2.0293,0.3301,0.0146,24.596,16,7.6102,1196,-0.0063,0.9382,1581,-0.0088,0.8632,neg,high,0.0262,reliable_neg
CELR/USDT,2973,877,0.295,0.2789,0.3116,0.9041,-0.0073,-0.0495,-21.7334,2.1609,0.3164,0.0123,23.0641,20,8.1473,1556,-0.0047,0.938,1417,-0.0102,0.8672,neg,high,0.0224,reliable_neg
POL/USDT,2924,895,0.3061,0.2896,0.323,0.9033,-0.0063,-0.0417,-18.3663,2.0478,0.3281,0.0111,22.5461,16,8.013,1413,-0.0048,0.9341,1511,-0.0077,0.8671,neg,high,0.021,reliable_neg
AAVE/USDT,3149,929,0.295,0.2793,0.3112,0.9031,-0.0067,-0.0457,-21.0034,2.158,0.3167,0.0092,22.5679,20,8.6296,1628,-0.0093,0.8652,1521,-0.0038,0.9441,neg,high,0.0187,reliable_neg
XLM/USDT,2945,937,0.3182,0.3016,0.3352,0.9016,-0.0064,-0.0414,-18.7833,1.9321,0.341,0.0087,23.1896,23,8.0706,1485,-0.0042,0.9325,1460,-0.0086,0.8731,neg,high,0.0179,reliable_neg
CHR/USDT,2757,867,0.3145,0.2974,0.3321,0.9014,-0.0088,-0.054,-24.3822,1.9649,0.3373,0.0112,33.2704,16,7.5554,1281,-0.0046,0.9505,1476,-0.0125,0.855,neg,high,0.021,reliable_neg
BONK/USDT,2532,756,0.2986,0.2811,0.3167,0.9006,-0.0086,-0.0578,-21.7415,2.1156,0.321,0.0161,25.0283,19,6.9388,1410,-0.0114,0.8652,1122,-0.0051,0.9428,neg,high,0.0287,reliable_neg
STRK/USDT,2645,822,0.3108,0.2934,0.3287,0.9003,-0.0098,-0.0593,-25.973,1.9966,0.3337,0.0126,28.0535,18,7.2484,1333,-0.0143,0.8648,1312,-0.0053,0.9419,neg,high,0.0228,reliable_neg
PUMP/USDT,2874,850,0.2958,0.2794,0.3127,0.8998,-0.011,-0.0675,-31.6615,2.1425,0.3182,0.0098,32.5858,22,7.876,1464,-0.0072,0.9358,1410,-0.015,0.8605,neg,high,0.0195,reliable_neg
KERNEL/USDT,2714,893,0.329,0.3116,0.3469,0.8996,-0.0098,-0.0568,-26.7188,1.8345,0.3528,0.0096,31.2989,18,7.4375,1420,-0.0058,0.9491,1294,-0.0143,0.8243,neg,high,0.0192,reliable_neg
NEAR/USDT,2909,875,0.3008,0.2844,0.3177,0.8992,-0.0088,-0.0572,-25.5203,2.0903,0.3236,0.0084,28.2322,27,7.9719,1458,-0.011,0.8669,1451,-0.0066,0.9284,neg,high,0.0175,reliable_neg
ID/USDT,2523,809,0.3207,0.3027,0.3391,0.8985,-0.0088,-0.0544,-22.2874,1.9036,0.3444,0.0119,23.6421,20,6.9141,1396,-0.0075,0.8985,1127,-0.0105,0.8985,neg,high,0.022,reliable_neg
SUI/USDT,3229,964,0.2985,0.283,0.3146,0.8982,-0.0071,-0.0447,-22.8007,2.1103,0.3215,0.0053,27.4259,21,8.8488,1597,-0.0076,0.897,1632,-0.0065,0.8994,neg,high,0.0115,reliable_neg
WOO/USDT,2506,837,0.334,0.3158,0.3527,0.8979,-0.0078,-0.0474,-19.5134,1.7904,0.3584,0.011,20.1272,19,6.8675,1102,-0.0052,0.9417,1404,-0.0098,0.8507,neg,high,0.021,reliable_neg
MAGIC/USDT,2698,861,0.3191,0.3018,0.337,0.897,-0.0081,-0.0484,-21.7653,1.9137,0.3432,0.0084,23.7535,17,7.3937,1382,-0.0058,0.9333,1316,-0.0105,0.8491,neg,high,0.0175,reliable_neg
DYDX/USDT,2916,853,0.2925,0.2763,0.3093,0.8961,-0.0088,-0.0554,-25.6643,2.1672,0.3157,0.0071,25.9523,21,7.9911,1450,-0.008,0.9043,1466,-0.0096,0.8882,neg,high,0.0152,reliable_neg
BANANA/USDT,2815,913,0.3243,0.3073,0.3419,0.8937,-0.0082,-0.0492,-22.9808,1.8618,0.3494,0.0053,27.0039,23,7.7143,1369,-0.0134,0.8548,1446,-0.0032,0.9488,neg,high,0.0115,reliable_neg
RARE/USDT,2196,777,0.3538,0.3341,0.3741,0.8913,-0.0098,-0.0524,-21.6211,1.6277,0.3806,0.0101,26.1919,19,6.018,1092,-0.0021,0.9782,1104,-0.0176,0.798,neg,high,0.0199,reliable_neg
AXL/USDT,2684,852,0.3174,0.3001,0.3353,0.8908,-0.0099,-0.0523,-26.5783,1.9155,0.343,0.0053,27.934,18,7.3553,1432,-0.0128,0.8694,1252,-0.0066,0.9201,neg,high,0.0115,reliable_neg
ETC/USDT,2802,862,0.3076,0.2908,0.325,0.8904,-0.0065,-0.0408,-18.207,2.004,0.3329,0.0044,19.1759,19,7.6787,1462,-0.0092,0.8522,1340,-0.0035,0.9372,neg,high,0.01,reliable_neg
CATI/USDT,2685,875,0.3259,0.3084,0.3439,0.8902,-0.009,-0.0484,-24.2925,1.8415,0.3519,0.0047,33.5425,23,7.3581,1284,-0.0052,0.9293,1401,-0.0125,0.8608,neg,high,0.0104,reliable_neg
AERO/USDT,720,221,0.3069,0.2744,0.3416,0.89,-0.0083,-0.0508,-6.0116,2.0095,0.3323,0.1544,8.9009,26,1.9731,0,,,720,-0.0083,0.89,na,high,0.1902,hypothesis
DOT/USDT,2912,878,0.3015,0.2851,0.3184,0.8895,-0.0075,-0.0461,-21.8496,2.0606,0.3267,0.0037,24.1736,15,7.9801,1540,-0.0122,0.8319,1372,-0.0022,0.9649,neg,high,0.0089,reliable_neg
FIDA/USDT,2855,865,0.303,0.2864,0.3201,0.8889,-0.0098,-0.0525,-28.0581,2.0449,0.3284,0.0039,28.7848,17,7.8239,1384,-0.0141,0.8527,1471,-0.0059,0.9285,neg,high,0.0091,reliable_neg
SEI/USDT,3040,919,0.3023,0.2862,0.3189,0.8881,-0.0074,-0.045,-22.4645,2.0496,0.3279,0.0026,27.0613,21,8.3309,1454,-0.0049,0.9288,1586,-0.0097,0.8478,neg,high,0.0065,reliable_neg
CRV/USDT,3096,927,0.2994,0.2835,0.3158,0.8861,-0.0086,-0.0487,-26.5505,2.0734,0.3254,0.002,27.0338,21,8.4844,1543,-0.0054,0.9306,1553,-0.0118,0.8397,neg,high,0.0054,reliable_neg
TURBO/USDT,2916,886,0.3038,0.2874,0.3208,0.886,-0.0101,-0.0552,-29.3362,2.0301,0.33,0.0026,29.3362,17,7.9911,1521,-0.0102,0.8952,1395,-0.0099,0.8735,neg,high,0.0065,reliable_neg
DUSK/USDT,2642,790,0.299,0.2819,0.3168,0.8857,-0.0134,-0.0688,-35.3856,2.0765,0.325,0.0042,38.119,18,7.2402,1277,-0.0086,0.9403,1365,-0.0179,0.806,neg,high,0.0095,reliable_neg
BCH/USDT,3124,976,0.3124,0.2964,0.3289,0.8841,-0.0064,-0.0346,-20.0368,1.9459,0.3395,0.0014,21.5286,19,8.5611,1572,-0.0046,0.9184,1552,-0.0082,0.8481,neg,high,0.0038,reliable_neg
PIXEL/USDT,2724,838,0.3076,0.2906,0.3252,0.884,-0.0115,-0.0567,-31.2806,1.9896,0.3345,0.003,37.0154,20,7.4649,1427,-0.0189,0.837,1297,-0.0033,0.9588,neg,high,0.0075,reliable_neg
RUNE/USDT,2538,832,0.3278,0.3098,0.3463,0.8836,-0.0074,-0.0445,-18.7419,1.8118,0.3556,0.0035,23.6567,18,6.9552,1337,-0.0049,0.9157,1201,-0.0101,0.8533,neg,high,0.0085,reliable_neg
ALICE/USDT,2852,842,0.2952,0.2788,0.3122,0.8819,-0.0111,-0.0534,-31.7698,2.1052,0.322,0.0022,38.0722,21,7.8157,1465,-0.0137,0.8622,1387,-0.0084,0.9053,neg,high,0.0057,reliable_neg
SUPER/USDT,2959,944,0.319,0.3025,0.336,0.8815,-0.0093,-0.0447,-27.5687,1.8815,0.347,0.0013,30.0627,18,8.1089,1548,-0.0108,0.8807,1411,-0.0077,0.8826,neg,high,0.0037,reliable_neg
SKL/USDT,2671,813,0.3044,0.2872,0.3221,0.8804,-0.0098,-0.0508,-26.1466,2.0121,0.332,0.0024,30.1273,33,7.3197,1481,-0.0084,0.9014,1190,-0.0115,0.8515,neg,high,0.0061,reliable_neg
AR/USDT,2391,704,0.2944,0.2765,0.313,0.8792,-0.0121,-0.0632,-28.9364,2.1068,0.3219,0.0041,39.8908,21,6.5524,1102,-0.0144,0.8734,1289,-0.0101,0.8855,neg,high,0.0095,reliable_neg
XRP/USDT,3285,1006,0.3062,0.2907,0.3222,0.8773,-0.0063,-0.0334,-20.6869,1.9874,0.3347,0.0005,20.8805,15,9.0023,1610,-0.0038,0.9318,1675,-0.0087,0.8146,neg,high,0.0016,reliable_neg
IO/USDT,2349,684,0.2912,0.2732,0.3099,0.8769,-0.0132,-0.0662,-31.124,2.1346,0.319,0.0037,33.2867,21,6.4373,925,-0.0093,0.9271,1424,-0.0158,0.8329,neg,high,0.0089,reliable_neg
OP/USDT,2999,878,0.2928,0.2768,0.3093,0.8764,-0.0099,-0.053,-29.6881,2.117,0.3208,0.0009,39.4769,20,8.2185,1554,-0.0158,0.8104,1445,-0.0036,0.9534,neg,high,0.0027,reliable_neg
TRB/USDT,3114,968,0.3109,0.2948,0.3273,0.8752,-0.0088,-0.0421,-27.4801,1.9403,0.3401,0.0005,30.4438,25,8.5337,1589,-0.0143,0.8101,1525,-0.0031,0.953,neg,high,0.0017,reliable_neg
STX/USDT,3032,917,0.3024,0.2863,0.319,0.8737,-0.0088,-0.044,-26.6525,2.0152,0.3316,0.0006,31.2407,20,8.309,1565,-0.0073,0.8949,1467,-0.0104,0.8515,neg,high,0.0018,reliable_neg
HMSTR/USDT,2828,875,0.3094,0.2926,0.3267,0.8717,-0.0124,-0.0511,-35.1376,1.9456,0.3395,0.0007,39.6342,19,7.7499,1395,-0.0055,0.9379,1433,-0.0191,0.8169,neg,high,0.002,reliable_neg
ARK/USDT,3023,1015,0.3358,0.3191,0.3528,0.8713,-0.0089,-0.0368,-26.9876,1.7238,0.3671,0.0003,27.9347,25,8.2843,1579,-0.0076,0.8787,1444,-0.0104,0.8648,neg,high,0.0011,reliable_neg
ARPA/USDT,2938,954,0.3247,0.308,0.3419,0.871,-0.0091,-0.0404,-26.8353,1.8114,0.3557,0.0005,31.1126,19,8.0514,1537,-0.0075,0.9059,1401,-0.011,0.8216,neg,high,0.0015,reliable_neg
EDU/USDT,2589,769,0.297,0.2797,0.3149,0.8708,-0.0128,-0.0629,-33.0733,2.0609,0.3267,0.0012,38.4867,20,7.095,1428,-0.0145,0.8546,1161,-0.0107,0.891,neg,high,0.0035,reliable_neg
APT/USDT,2755,822,0.2984,0.2816,0.3157,0.8702,-0.0104,-0.0533,-28.6065,2.0462,0.3283,0.0008,31.0132,17,7.5499,1446,-0.0073,0.9074,1309,-0.0138,0.8302,neg,high,0.0023,reliable_neg
CHZ/USDT,3046,900,0.2955,0.2795,0.3119,0.8699,-0.0099,-0.051,-30.2096,2.0743,0.3253,0.0004,32.4047,20,8.3473,1496,-0.0076,0.9008,1550,-0.0121,0.8397,neg,high,0.0014,reliable_neg
UMA/USDT,2657,919,0.3459,0.328,0.3642,0.8698,-0.0091,-0.0436,-24.3111,1.645,0.3781,0.0006,29.8874,15,7.2813,1433,-0.0112,0.852,1224,-0.0067,0.8947,neg,high,0.0018,reliable_neg
INIT/USDT,2745,844,0.3075,0.2905,0.325,0.8676,-0.0118,-0.0535,-32.476,1.9542,0.3385,0.0006,33.4225,19,7.5225,1399,-0.0084,0.9137,1346,-0.0154,0.8098,neg,high,0.0017,reliable_neg
GMX/USDT,2836,931,0.3283,0.3112,0.3458,0.8671,-0.0088,-0.044,-24.9101,1.7742,0.3605,0.0003,26.4719,22,7.7719,1491,-0.0055,0.9195,1345,-0.0124,0.8048,neg,high,0.0012,reliable_neg
ONDO/USDT,3082,888,0.2881,0.2724,0.3044,0.8657,-0.0104,-0.0507,-32.0063,2.1389,0.3186,0.0003,34.0937,20,8.446,1584,-0.0111,0.8452,1498,-0.0097,0.8842,neg,high,0.0009,reliable_neg
COMP/USDT,3064,958,0.3127,0.2965,0.3293,0.8651,-0.0089,-0.0416,-27.3756,1.9018,0.3446,0.0002,31.614,17,8.3967,1586,-0.015,0.7931,1478,-0.0024,0.9599,neg,high,0.0007,reliable_neg
ZRX/USDT,3088,992,0.3212,0.305,0.3379,0.8618,-0.0088,-0.0424,-27.291,1.8208,0.3545,0.0001,28.9295,29,8.4624,1536,-0.0078,0.8924,1552,-0.0099,0.8224,neg,high,0.0004,reliable_neg
CAKE/USDT,3024,938,0.3102,0.2939,0.3269,0.8611,-0.0079,-0.037,-23.7679,1.9149,0.3431,0.0001,25.5452,21,8.2871,1582,-0.0111,0.8218,1442,-0.0043,0.9142,neg,high,0.0005,reliable_neg
ARB/USDT,2891,838,0.2899,0.2736,0.3067,0.8605,-0.0115,-0.0537,-33.147,2.1082,0.3217,0.0002,36.3576,21,7.9226,1545,-0.0118,0.8495,1346,-0.0111,0.872,neg,high,0.0008,reliable_neg
EIGEN/USDT,2558,783,0.3061,0.2885,0.3242,0.8564,-0.0149,-0.0658,-38.0591,1.9413,0.34,0.0003,39.7019,15,7.01,1162,-0.021,0.809,1396,-0.0098,0.9006,neg,high,0.001,reliable_neg
BOME/USDT,2708,800,0.2954,0.2785,0.3129,0.8557,-0.0143,-0.0615,-38.6904,2.0408,0.3289,0.0002,41.5935,17,7.4211,1376,-0.0121,0.8724,1332,-0.0166,0.8399,neg,high,0.0007,reliable_neg
ROSE/USDT,2910,884,0.3038,0.2873,0.3207,0.8554,-0.013,-0.0553,-37.8974,1.9606,0.3378,0.0001,44.3174,18,7.9747,1462,-0.0199,0.8134,1448,-0.0061,0.9168,neg,high,0.0004,reliable_neg
PENDLE/USDT,2942,873,0.2967,0.2805,0.3135,0.855,-0.0126,-0.0548,-37.1294,2.0264,0.3304,0.0001,39.5425,25,8.0623,1519,-0.0118,0.8631,1423,-0.0135,0.8465,neg,high,0.0004,reliable_neg
UNI/USDT,2990,888,0.297,0.2809,0.3136,0.8547,-0.0114,-0.0486,-34.217,2.0231,0.3308,0.0001,35.6038,17,8.1939,1569,-0.0164,0.7929,1421,-0.006,0.9238,neg,high,0.0004,reliable_neg
GRAM/USDT,767,243,0.3168,0.2849,0.3506,0.8545,-0.0079,-0.0382,-6.0707,1.8427,0.3518,0.045,7.9391,14,2.1019,0,,,767,-0.0079,0.8545,na,high,0.0652,hypothesis
LPT/USDT,3096,957,0.3091,0.2931,0.3256,0.8541,-0.01,-0.042,-30.9832,1.909,0.3438,0.0,37.0383,16,8.4844,1614,-0.0106,0.8589,1482,-0.0094,0.8477,neg,high,0.0002,reliable_neg
KSM/USDT,2670,826,0.3094,0.2921,0.3272,0.8537,-0.0109,-0.0513,-29.0595,1.9058,0.3441,0.0002,32.3772,17,7.3169,1434,-0.0121,0.8403,1236,-0.0095,0.8698,neg,high,0.0006,reliable_neg
SSV/USDT,3159,942,0.2982,0.2825,0.3144,0.8532,-0.0116,-0.0513,-36.4988,2.008,0.3324,0.0,39.0648,17,8.657,1573,-0.0148,0.8326,1586,-0.0083,0.8794,neg,high,0.0002,reliable_neg
LUNA/USDT,2699,822,0.3046,0.2875,0.3222,0.8526,-0.0117,-0.0493,-31.4812,1.947,0.3393,0.0001,35.8871,20,7.3964,1368,-0.0062,0.9309,1331,-0.0173,0.7463,neg,high,0.0005,reliable_neg
JASMY/USDT,2604,821,0.3153,0.2977,0.3334,0.8517,-0.0117,-0.0508,-30.3708,1.8496,0.3509,0.0001,32.0911,17,7.1361,1403,-0.0129,0.8428,1201,-0.0102,0.8631,neg,high,0.0005,reliable_neg
MEME/USDT,2713,824,0.3037,0.2867,0.3213,0.8497,-0.0123,-0.0544,-33.4406,1.9479,0.3392,0.0001,34.6752,18,7.4348,1448,-0.0071,0.912,1265,-0.0183,0.7812,neg,high,0.0004,reliable_neg
AVAX/USDT,2942,890,0.3025,0.2862,0.3194,0.8494,-0.0092,-0.042,-26.9798,1.9583,0.338,0.0,29.2842,18,8.0623,1378,-0.0083,0.8725,1564,-0.0099,0.8259,neg,high,0.0002,reliable_neg
SOL/USDT,3310,1002,0.3027,0.2873,0.3186,0.8482,-0.0084,-0.036,-27.7402,1.9538,0.3385,0.0,29.3166,19,9.0708,1642,-0.0131,0.7992,1668,-0.0038,0.9172,neg,high,0.0001,reliable_neg
LAYER/USDT,2892,922,0.3188,0.3021,0.336,0.8435,-0.0125,-0.0464,-36.2407,1.8024,0.3568,0.0,39.0198,18,7.9253,1501,-0.0131,0.852,1391,-0.0119,0.8322,neg,high,0.0001,reliable_neg
RVN/USDT,2677,869,0.3246,0.3071,0.3426,0.8427,-0.0107,-0.0458,-28.6775,1.7533,0.3632,0.0,35.3623,16,7.3361,1412,-0.0067,0.9035,1265,-0.0152,0.7728,neg,high,0.0002,reliable_neg
BERA/USDT,2562,765,0.2986,0.2812,0.3166,0.8419,-0.0158,-0.062,-40.3757,1.9776,0.3358,0.0001,42.204,22,7.021,1329,-0.0176,0.8463,1233,-0.0138,0.8353,neg,high,0.0003,reliable_neg
WIF/USDT,2393,706,0.295,0.2771,0.3136,0.8407,-0.0157,-0.0626,-37.5298,2.0089,0.3323,0.0001,41.1835,18,6.5578,1120,-0.0318,0.7356,1273,-0.0015,0.9808,neg,high,0.0004,reliable_neg
MANA/USDT,2916,890,0.3052,0.2888,0.3222,0.8402,-0.011,-0.0461,-32.0216,1.9126,0.3433,0.0,33.1745,23,7.9911,1505,-0.0084,0.8866,1411,-0.0138,0.7825,neg,high,0.0001,reliable_neg
ETH/USDT,3317,1041,0.3138,0.2983,0.3298,0.8358,-0.0081,-0.0307,-26.7854,1.8273,0.3537,0.0,27.1279,16,9.09,1663,-0.0095,0.8358,1654,-0.0066,0.8357,neg,high,0.0,reliable_neg
ONE/USDT,2240,683,0.3049,0.2862,0.3243,0.8353,-0.0189,-0.0668,-42.3233,1.9042,0.3443,0.0001,43.8253,19,6.1386,1266,-0.0143,0.8507,974,-0.0249,0.8215,neg,high,0.0004,reliable_neg
1INCH/USDT,2897,921,0.3179,0.3012,0.3351,0.8321,-0.0101,-0.0404,-29.1996,1.7852,0.359,0.0,29.9302,21,7.939,1465,-0.0131,0.8141,1432,-0.007,0.8584,neg,high,0.0,reliable_neg
MANTA/USDT,2988,880,0.2945,0.2784,0.3111,0.8261,-0.0144,-0.05,-42.9364,1.979,0.3357,0.0,44.8096,24,8.1884,1462,-0.0099,0.8932,1526,-0.0187,0.7456,neg,high,0.0,reliable_neg
ATOM/USDT,3053,939,0.3076,0.2914,0.3242,0.8255,-0.0107,-0.0416,-32.7528,1.8584,0.3498,0.0,33.6422,22,8.3665,1563,-0.0129,0.8027,1490,-0.0084,0.8528,neg,high,0.0,reliable_neg
METIS/USDT,2564,815,0.3179,0.3001,0.3361,0.8253,-0.016,-0.06,-41.0289,1.7712,0.3609,0.0,42.9225,18,7.0265,1438,-0.0177,0.8164,1126,-0.0139,0.8382,neg,high,0.0,reliable_neg
SHIB/USDT,2460,802,0.326,0.3078,0.3448,0.8245,-0.0122,-0.0508,-29.8906,1.7045,0.3698,0.0,32.3585,18,6.7415,1349,-0.0112,0.8428,1111,-0.0133,0.8009,neg,high,0.0,reliable_neg
FET/USDT,2849,808,0.2836,0.2674,0.3004,0.8231,-0.0166,-0.0595,-47.2213,2.0791,0.3248,0.0,49.7174,16,7.8075,1412,-0.0163,0.8416,1437,-0.0169,0.801,neg,high,0.0,reliable_neg
CTSI/USDT,2829,867,0.3065,0.2898,0.3237,0.8206,-0.0148,-0.0484,-41.9516,1.857,0.35,0.0,43.2497,16,7.7527,1340,-0.0186,0.8041,1489,-0.0114,0.8404,neg,high,0.0,reliable_neg
VET/USDT,3087,892,0.289,0.2732,0.3052,0.8205,-0.0118,-0.043,-36.4507,2.0191,0.3312,0.0,36.6396,20,8.4597,1472,-0.0124,0.826,1615,-0.0112,0.8147,neg,high,0.0,reliable_neg
ALT/USDT,2836,860,0.3032,0.2866,0.3204,0.8201,-0.0152,-0.0512,-43.1594,1.8843,0.3467,0.0,44.4756,21,7.7719,1498,-0.0131,0.8565,1338,-0.0176,0.7716,neg,high,0.0,reliable_neg
MASK/USDT,2655,856,0.3224,0.3049,0.3404,0.8199,-0.0124,-0.0462,-32.956,1.723,0.3672,0.0,33.129,15,7.2758,1361,-0.0075,0.8912,1294,-0.0175,0.744,neg,high,0.0,reliable_neg
LTC/USDT,3304,1009,0.3054,0.2899,0.3213,0.8174,-0.0091,-0.0331,-29.9484,1.8592,0.3497,0.0,31.3691,15,9.0544,1665,-0.0117,0.789,1639,-0.0063,0.8543,neg,high,0.0,reliable_neg
ASTER/USDT,2543,757,0.2977,0.2802,0.3157,0.8159,-0.0149,-0.0512,-37.7961,1.925,0.3419,0.0,44.8109,19,6.9689,1329,-0.0112,0.8876,1214,-0.0189,0.6852,neg,high,0.0,reliable_neg
BTC/USDT,3447,1029,0.2985,0.2835,0.314,0.8153,-0.0066,-0.0244,-22.8684,1.9159,0.3429,0.0,23.3624,20,9.4463,1745,-0.0061,0.846,1702,-0.0072,0.7762,neg,high,0.0,reliable_neg
AI/USDT,1898,574,0.3024,0.2822,0.3235,0.8039,-0.0228,-0.0786,-43.2482,1.8543,0.3504,0.0,50.0828,18,5.2013,1209,-0.0028,0.9722,689,-0.0579,0.6002,neg,high,0.0001,reliable_neg
LINK/USDT,3033,901,0.2971,0.2811,0.3136,0.8026,-0.0126,-0.0422,-38.1601,1.8992,0.3449,0.0,39.2466,16,8.3117,1483,-0.0169,0.7686,1550,-0.0084,0.8461,neg,high,0.0,reliable_neg
KNC/USDT,3068,989,0.3224,0.3061,0.3391,0.7996,-0.0121,-0.0367,-36.9793,1.6808,0.373,0.0,37.9695,29,8.4076,1618,-0.0142,0.7803,1450,-0.0096,0.8249,neg,high,0.0,reliable_neg
API3/USDT,3081,917,0.2976,0.2817,0.314,0.7968,-0.0154,-0.045,-47.5184,1.8803,0.3472,0.0,49.3906,18,8.4433,1586,-0.0162,0.7939,1495,-0.0146,0.8001,neg,high,0.0,reliable_neg
CYBER/USDT,2702,843,0.312,0.2948,0.3297,0.7941,-0.0169,-0.0519,-45.6448,1.7511,0.3635,0.0,47.396,18,7.4046,1423,-0.0226,0.766,1279,-0.0105,0.84,neg,high,0.0,reliable_neg
OGN/USDT,3026,986,0.3258,0.3094,0.3428,0.7717,-0.0161,-0.0424,-48.7388,1.5967,0.3851,0.0,48.913,19,8.2925,1454,-0.0151,0.8123,1572,-0.0171,0.7228,neg,high,0.0,reliable_neg
BNB/USDT,3537,1057,0.2988,0.284,0.3141,0.7701,-0.009,-0.0265,-31.9811,1.8068,0.3563,0.0,33.1406,20,9.6929,1772,-0.013,0.7163,1765,-0.0051,0.8457,neg,high,0.0,reliable_neg
FTT/USDT,2815,786,0.2792,0.263,0.2961,0.7538,-0.0227,-0.0605,-63.8598,1.9459,0.3395,0.0,64.2498,19,7.7143,1508,-0.0194,0.7871,1307,-0.0264,0.7161,neg,high,0.0,reliable_neg
NMR/USDT,2901,937,0.323,0.3062,0.3402,0.7412,-0.0189,-0.045,-54.7867,1.5536,0.3916,0.0,55.655,23,7.95,1478,-0.0172,0.7855,1423,-0.0206,0.6847,neg,high,0.0,reliable_neg
SUN/USDT,2944,934,0.3173,0.3007,0.3343,0.7374,-0.0079,-0.0228,-23.1524,1.5869,0.3866,0.0,23.2274,18,8.0678,1572,-0.0078,0.7706,1372,-0.008,0.6868,neg,high,0.0,reliable_neg
PAXG/USDT,2982,947,0.3176,0.3011,0.3345,0.7242,-0.007,-0.0189,-20.8623,1.5563,0.3912,0.0,20.9992,18,8.172,1570,-0.0082,0.7107,1412,-0.0056,0.7437,neg,high,0.0,reliable_neg
AMP/USDT,2806,802,0.2858,0.2694,0.3028,0.7145,-0.023,-0.0499,-64.49,1.7854,0.359,0.0,65.6064,19,7.6896,1600,-0.0211,0.7265,1206,-0.0255,0.7,neg,high,0.0,reliable_neg
TRX/USDT,2535,840,0.3314,0.3133,0.3499,0.688,-0.0073,-0.0188,-18.5827,1.3882,0.4187,0.0,19.3778,16,6.947,1355,-0.0076,0.7091,1180,-0.007,0.6568,neg,high,0.0,reliable_neg
EUR/USDT,1166,401,0.3439,0.3172,0.3716,0.4544,-0.0073,-0.0136,-8.4654,0.8669,0.5357,0.0,8.7328,13,3.1953,702,-0.0083,0.4088,464,-0.0057,0.5328,neg,high,0.0,reliable_neg
